逞筆◆１,1,1,<span class='word'>麤</span>く斫られたる石にも神の定めたる運あり。,あら,粗。①きめがあらい。②粗末なさま。粗雑なさま。おおまかなさま。
逞筆◆１,2,2,<span class='word'>糱</span>を栽培して商う。,もやし,米、麦、大豆などを水に浸し、光に当てないで発芽させたもの。食用。
逞筆◆１,3,3,<span class='word'>一纏</span>めにしておいたので安心しなさい。,ひとまと,一つにまとめること。
逞筆◆１,4,4,<span class='word'>鵜篝</span>が川面に映える。,うかがり,鵜飼の際、魚を集めるために焚く火。
逞筆◆１,5,5,<span class='word'>襖</span>に衣を重ねても逃がすべきに非ず。,あお,①両わきの開いた上着で、昔の武官の礼服。②<ruby>狩襖<rt>かりあお</rt></ruby>の略で、<ruby>狩衣<rt>かりぎぬ</rt></ruby>に同じ。昔、貴族が常用した略服で、のちに武家の礼服となった。<ruby>襖子<rt>あおシ</rt></ruby>。
逞筆◆１,6,6,<span class='word'>乙丑</span>には五十六歳になっていた。,きのとうし,十干十二支。
逞筆◆１,7,7,<span class='word'>解</span>れを整えてやおら振り向いた。,ほつ,結び目・縫い目などがほどける。
逞筆◆１,8,8,<span class='word'>乾涸</span>びた喉を潤す。,ひから,乾枯、干涸、干枯。①水分がすっかりなくなる。②うるおいや生気が失われる。
逞筆◆１,9,9,<span class='word'>砧</span>打って我に聞かせよや坊が妻。,きぬた,碪。木づちで布を打つときに用いた木や石の台。また、それを打つこと。
逞筆◆１,10,10,<span class='word'>逆捩</span>を食わせる。,さかねじ,逆捩を食わせる＝反対になじる。逆に問いつめる。逆手を取る。
逞筆◆１,11,11,<span class='word'>襟刳</span>りの汚れは目立つ。,えりぐ,洋服などで、首回りに従ってくりあげた襟回りの線。ネックライン。
逞筆◆１,12,12,<span class='word'>己巳</span>の日は弁才天の縁日である。,つちのとみ,十干十二支。
逞筆◆１,13,13,<span class='word'>庚戌</span>の歳、旅舎に休う。,かのえいぬ,十干十二支。
逞筆◆１,14,14,<span class='word'>首縊</span>りの足を引く。,くびくく,首縊りの足を引く＝窮地に陥っている人に、さらに追い討ちをかけること。
逞筆◆１,15,15,<span class='word'>醜</span>の益荒男なお恋いにけり。,しこ,①みにくいものをののしっていう語。②自分を卑下するときに用いる語。
逞筆◆１,16,16,<span class='word'>縦</span>に心を自然の中に遊ばせる。,ほしいまま,気の向くまま。かって気ままにすること。
逞筆◆１,17,17,<span class='word'>縦</span>んば雨でも心配はない。,よし,たとえそうだとしても。かりに。
逞筆◆１,18,18,<span class='word'>熟</span>み柿が熟柿を弔う。,う,熟した柿の実。※熟み柿が熟柿を弔う＝似た境遇のものが相手の身の不幸を慰めることのたとえ。
逞筆◆１,19,19,<span class='word'>出涸</span>らしのお茶を飲む。,でが,茶などを何回も入れたり煎じたりして、味や香りが薄くなってしまうこと。また、そのもの。
逞筆◆１,20,20,<span class='word'>樟</span>は虫害に強く建築家具材に用いる。,くす、くすのき,楠。クスノキ科の常緑高木。暖地に自生。初夏、黄白色の小花を多数つけ、球形で黒色の実を結ぶ。材は堅く芳香があり、家具・細工物とするほか、幹・根・葉からは樟脳をとる。
逞筆◆１,21,21,<span class='word'>蒸</span>かしたての甘藷を二本やった。,ふ,湯気を当てて柔らかくする。
逞筆◆１,22,22,<span class='word'>尻紮</span>げして一散に逃げた。,しりから,尻絡。着物の裾を外側に折り上げて、その端を帯にはさむこと。しりっぱしょり。
逞筆◆１,23,23,<span class='word'>辛酉</span>の年に皇位に即く。,かのととり,十干十二支。
逞筆◆１,24,24,<span class='word'>壬戌</span>の年血腥い事件が続発した。,みずのえいぬ,十干十二支。
逞筆◆１,25,25,<span class='word'>甚</span>く感服された御様子である。,いた,たいそう。非常に。ひどく。ふかく。
逞筆◆１,26,26,<span class='word'>尽</span>れた晩秋の野に佇む。,すが,末枯。盛りを過ぎて勢いが衰え始める。
逞筆◆１,27,27,<span class='word'>雛霰</span>を買ってきた。,ひなあられ,三月三日の桃の節句に、ひな人形に供える紅白のあられ。
逞筆◆１,28,28,<span class='word'>裾捌</span>きの音とともに家元が現れる。,すそさば,和服をはじめ丈の長い衣服のすそを上手に扱うこと。また、その身のこなし。
逞筆◆１,29,29,<span class='word'>節榑</span>を使って小屋を作る。,ふしくれ,①材木に節が多く、でこぼこしている。②腕や指の骨や関節が、堅く盛り上がってごつごつしている。
逞筆◆１,30,30,<span class='word'>岨道</span>を足にまかせて追っかける。,そばみち、そわみち,切り立った山のけわしい道。
逞筆◆１,31,31,<span class='word'>燥</span>ぎすぎの気味がある。,はしゃ,①調子にのってさわぐ。うかれさわぐ。②水分がなくなり、乾燥しきる。
逞筆◆１,32,32,<span class='word'>陳</span>ねて後矯めんとすれば枝折れ枯れ凋む。,ひ,①古くなる。年を経て古びる。②大人びる。ませる。
逞筆◆１,33,33,<span class='word'>椴松</span>の自生状態を調査する。,とどまつ,マツ科の常緑高木。北海道以北に自生。松かさは直立してつく。材は建築・家具・製紙原料などに用いる。
逞筆◆１,34,34,<span class='word'>熱</span>り立って不満をぶつけた。,いき,激しく怒って興奮する。いきまく。
逞筆◆１,35,35,<span class='word'>戊午</span>の年に居を隣国に移した。,つちのえうま,十干十二支。
逞筆◆１,36,36,<span class='word'>偖</span>夕餉は何にいたしましょうか。,さて,扨、扠。①話題を変えるときに用いる語。ところで。②何かを始めるときに用いる語。さあ。
逞筆◆１,37,37,<span class='word'>刳</span>り貫きの菓子皿に盛る。,く,①くりぬくこと。えぐって穴をあけること。また、くりぬいたところや、くりぬいてつくったもの。②船具の一つ。船が停泊しているときに使う<ruby>替水縄<rt>かえみなわ</rt></ruby>。
逞筆◆１,38,38,<span class='word'>嗄</span>れた声でゆっくり語った。,か、しわが,声がかすれる。しゃがれる。
逞筆◆１,39,39,<span class='word'>嘸</span>大変であったろう。,さぞ,さだめし。きっと。さぞかし。
逞筆◆１,40,40,<span class='word'>嚔</span>る時は則ち人の我を道う。,はなひ,くしゃみをする。
逞筆◆１,41,41,<span class='word'>埃</span>がたちこめている。,ほこり,空中を舞う細かいちり。
逞筆◆１,42,42,<span class='word'>悴</span>む手を擦り合わせる。,かじか,手足が寒さでこごえて、思うように動かなくなる。
逞筆◆１,43,43,<span class='word'>憖</span>情けをかけるのは良くない。,なまじ、なまじい,①中途半端なさま。②できもしないのに。無理に。しないほうがかえってよいさま。なまじっか。
逞筆◆１,44,44,<span class='word'>撓垂</span>るる柳はほそき目もとかな。,しなだ,①人にこびたり甘えたりして寄りかかる。しなだれかかる。②枝などがしなって垂れ下がる。
逞筆◆１,45,45,<span class='word'>暈</span>のかかった春の夜の月を眺める。,かさ,太陽や月の周りに現れる光の輪。ウン。光環。
逞筆◆１,46,46,<span class='word'>朮</span>を焚く匂いが漂ってくる。,おけら、うけら,蒼朮、白朮。キク科の多年草。山地に自生。夏から秋、白や淡紅色の頭花をつける。若芽は食用、根は薬用。
逞筆◆１,47,47,<span class='word'>楮</span>の繊維は紙の原料となる。,こうぞ,クワ科の落葉低木。山野に自生。葉・実ともにクワに似る。樹皮から和紙の原料をとる。カゾ。
逞筆◆１,48,48,<span class='word'>榻</span>の端書きも九十九夜を迎えた。,しじ,牛車からウシを外したとき、轅の軛の支えや、乗り降りの踏み台にした台。※榻の端書き＝男の恋の熱烈さ、また、恋愛の思うようにならないことのたとえとされる。
逞筆◆１,49,49,<span class='word'>榧</span>の木に観世音菩薩を彫る。,かや,イチイ科の常緑高木。山野に自生。葉は平たい線形で、先がとがる。種子は油の原料、また食用・薬用とする。材は高級な碁盤や将棋盤の材料に用いる。
逞筆◆１,50,50,<span class='word'>櫂</span>は三年櫓は三月。,かい,水をかき、舟を進ませる木製の棒。オール。※櫂は三年櫓は三月＝何事も一人前になるのは容易でないたとえ。
逞筆◆１,51,51,<span class='word'>毬栗</span>も内から割れる。,いがぐり,毬栗も内から割れる＝だれでも年ごろになれば、自然と色気づくことのたとえ。特に女性についていう。
逞筆◆１,52,52,<span class='word'>澪筋</span>を伝って舟を進めた。,みおすじ,水脈筋。船の通行する水路の通り。みおどおり。
逞筆◆１,53,53,<span class='word'>甍</span>破れて霧不断の香を焚く。,いらか,甍破れて霧不断の香を焚く＝隠棲した人間の住み家としてふさわしいさま。
逞筆◆１,54,54,<span class='word'>甕</span>に一房の藤をさす。,かめ、もたい、みか,瓮。水や酒などを入れる大きな器。
逞筆◆１,55,55,<span class='word'>疚</span>しいところがあるらしい。,やま,良心に恥じるところがあり、うしろめたい。気がとがめる。
逞筆◆１,56,56,<span class='word'>痞</span>えに悩む上﨟を思わせる。,つか,胸や心などがつまるようで苦しいこと。
逞筆◆１,57,57,<span class='word'>瘧</span>が落ちたように呼び鈴に応じた。,おこり,マラリアの熱病。※瘧が落ちる＝物事に夢中になっていたのが、何かのはずみで急にさめる。
逞筆◆１,58,58,<span class='word'>癸亥</span>の歳に上洛した。,みずのとい,十干十二支。
逞筆◆１,59,59,<span class='word'>睨</span>むように天を見上げた。,にら,①鋭い目つきでじっと見つめる。下から横目でにらみつける。②監視する。
逞筆◆１,60,60,<span class='word'>礑</span>と思い当たった。,はた、はった,①強く打つようす。②険しくにらむさま。③胸にこたえたさま。
逞筆◆１,61,61,<span class='word'>笊</span>で水を汲む。,ざる,①細く裂いた竹ひごなどで編んだ器。②「笊碁」の略。③「笊蕎麦」の略。④編んだ目からこぼれることから、抜けや落ちの多いたとえ。
逞筆◆１,62,62,<span class='word'>筬</span>の音が響く山村を訪れた。,おさ,機織りの道具。縦糸の位置をととのえるもの。
逞筆◆１,63,63,<span class='word'>箙</span>に梅枝を指した風流を見とがめる。,えびら,矢を入れて携帯する武具。ふつう背負う。
逞筆◆１,64,64,<span class='word'>篝火</span>であたりを照らす。,かがりび,夜間の警備や漁猟に照明としてたく火。かがり。
逞筆◆１,65,65,<span class='word'>篩</span>った黄粉を餅に付ける。,ふる,①ふるいに掛けてより分ける。②選抜する。
逞筆◆１,66,66,<span class='word'>籬</span>に耳、壁の話する世の中。,まがき、ませがき,竹や柴などで、目をあらく編んで作った垣。ませがき。ませ。
逞筆◆１,67,67,<span class='word'>粳</span>を常食の米とする。,うるち、うる,粘り気の少ない、ふつうに炊いて食べる米。うるちの米。うるちまい。うるしね。
逞筆◆１,68,68,<span class='word'>蓼酢</span>でもいけぬ奴。,たです、たでず,①タデの葉をすって酢ですりのばした調味料。夏、アユなどの塩焼きに用いる。②濃茶。色が似ているところから。※蓼酢でもいけぬ奴＝どうにも扱いに困る人。煮ても焼いても食えないやつ。
逞筆◆１,69,69,<span class='word'>薺</span>花咲く垣根かな。,なずな,アブラナ科の二年草。道端に自生。春、白い小さな四弁花をつけ、三味線のばちのような形の実を結ぶ。春の七草の一つ。ペンペングサ。
逞筆◆１,70,70,<span class='word'>薺粥</span>を啜り邪気をはらう。,なずながゆ,陰暦正月七日に食べる、薺などの春の七草を刻み入れた粥。
逞筆◆１,71,71,<span class='word'>蝗</span>の大群が発生した。,いなご,イナゴ科の昆虫の総称。緑色の体に淡褐色のはねをもつ。イネの害虫。食用になる。
逞筆◆１,72,72,<span class='word'>衵</span>姿の童女が現れた。,あこめ,昔、宮廷に仕える男女が用いた丈の短い中着。
逞筆◆１,73,73,<span class='word'>褻</span>にも晴れにも歌一首。,け,ふだん。常日ごろ。平生。※褻にも晴れにも歌一首＝芸の少ないこと、無能無芸であることのたとえ。
逞筆◆１,74,74,<span class='word'>謗</span>れば影指す。,そし,謗れば影指す＝人の悪口を言っていると、そこに当人がやって来るものだということ。
逞筆◆１,75,75,<span class='word'>貂</span>なき森の鼬。,てん,貂なき森の鼬＝権力者がいない所では、つまらない人間が幅をきかせるたとえ。
逞筆◆１,76,76,<span class='word'>踝</span>を強く打った。,くるぶし、かかと、くびす,足首の内・外両側にある骨の突起。くろぶし。つぶぶし。つぶなぎ。
逞筆◆１,77,77,<span class='word'>踵</span>を接して来る。,くびす、きびす,足の裏の後ろの部分。かかと。※踵を接す＝隙間なく並んだり続いたりしていることのたとえ。人々が次々と来たり、物事が、次々に起こってくる。
逞筆◆１,78,78,<span class='word'>躪</span>り書きの置き手紙を読んだ。,にじ,躪り書き＝筆で紙を押えつけてにじるようにして拙劣な文字を書くこと。また、その書いたもの。
逞筆◆１,79,79,<span class='word'>轅</span>を北にして楚にゆく。,ながえ,牛車などの前に、長くさし出した二本の棒。その先に軛を渡してウシなどに車を引かせた。
逞筆◆１,80,80,<span class='word'>遉</span>に横綱の相撲は見応えがあった。,さすが,流石。①予想や評判どおり。やはり。思っていたとおり。 ②そうはいうものの、やはり。③いくら...でも、やはり。あれほどの。
逞筆◆１,81,81,<span class='word'>鄙</span>びた一軒家に辿り着く。,ひな,田舎風で、素朴な感じがする。田舎めく。
逞筆◆１,82,82,<span class='word'>鉋屑</span>へ火が付いたように喋る。,かんなくず,鉋で材木を削るときにできる薄い木くず。
逞筆◆１,83,83,<span class='word'>鋺</span>に欠き氷を盛る。,かなまり、まり,金鋺。金属製のわん。酒や水などを盛る器。
逞筆◆１,84,84,<span class='word'>鐚</span>銭を選ぶ。,びた,①室町中期から明治初期にかけて使われた粗悪な銭貨。びた。②使い古した硬貨。
逞筆◆１,85,85,<span class='word'>霤</span>は三途の川。,あまだれ,軒などから垂れ落ちる雨のしずく。
逞筆◆１,86,86,<span class='word'>饐</span>えた臭気が鼻を突く。,す,食物が腐ってすっぱくなる。
逞筆◆１,87,87,<span class='word'>髻</span>を切って聖に従った。,もとどり、たぶさ,髪の毛を集めて束ねた部分。
逞筆◆１,88,88,<span class='word'>鬆</span>が立った飯は食われぬ。,す,①時期が過ぎたダイコン・ゴボウや煮過ぎた豆腐などの内側にできる、細かい穴。②鋳物の内側にできる空洞。
逞筆◆１,89,89,<span class='word'>鮠</span>の群れが涼しげに川底を行き来した。,はや、はえ,コイ科の淡水魚。おもに関東ではウグイ、関西ではオイカワの別称に用いる。
逞筆◆１,90,90,<span class='word'>鯔背</span>な法被姿で練り歩く。,いなせ,粋で威勢のよいこと。また、そのさま。さっぱりした気風。いさみ肌。江戸時代、江戸の日本橋魚河岸の粋で威勢のよい若者が結った、鯔背銀杏の髪型から。
逞筆◆１,91,91,<span class='word'>鱶</span>ほど寝る。,ふか,鱶ほど寝る＝鼾をかいてよく寝入る。
逞筆◆１,92,92,<span class='word'>鸛</span>は高木の樹頂に営巣する。,こうのとり,①コウノトリ科の鳥。羽毛は白く翼の大部分は黒色。形はツルに似る。アジア東部にすむ。日本では特別天然記念物に指定されたが絶滅。コウヅル。②ベニハシコウノトリの略。くちばしが紅色の西洋のコウノトリのこと。
逞筆◆１,93,93,<span class='word'>麩</span>を飼料にする。,ふすま,コムギをひいて粉にするときに残る皮のくず。洗い粉や家畜のえさにする。
逞筆◆１,94,94,あしひきの山橘を<span class='word'>苞</span>に摘み来な。,つと,苞苴。①食品を、わらなどを束ねて包んだもの。わらづと。あらまき。②携えていく土産。
逞筆◆１,95,95,いささか<span class='word'>訝</span>しい点がある。,いぶか,あやしい。うたがわしい。不審なさま。
逞筆◆１,96,96,いたり飲めば<span class='word'>輒</span>ち尽くす。,すなわ,①そのたびごとに。いつも。②たやすく。すぐに。
逞筆◆１,97,97,かなり<span class='word'>踵</span>の高い靴をはいている。,かかと,①足の裏の後ろの部分。くびす。②履物の後ろ、また、裏の後ろの部分。
逞筆◆１,98,98,ことづてもなく<span class='word'>宛</span>ら春になりぬ。,さなが,まるで。ちょうど。あたかも。
逞筆◆１,99,99,しきりに隠元豆を<span class='word'>挘</span>っている。,むし,毟。①物の本体に密着しているものを、むりやりに引きちぎったり、引き抜いたりする。②綿などをつまみ広げて、ふっくらとさせる。つばなかす。③身を引きちぎって細かくする。また、肉や魚の身を骨からはがしてほぐす。④むりやりに奪い取る。⑤多く「口をむしる」の形で用いて、かまをかけて尋ねる。
逞筆◆１,100,100,すでに<span class='word'>蛻</span>の殻だった。,もぬけ,蛻の殻＝ぬけがら。また、目当ての者が抜け出して、空になっている住居や寝所など。
逞筆◆１,101,101,その後<span class='word'>恙</span>なくお過ごしでしょうか。,つつが,恙無い＝病気がない。事故などの災難や心配事がない。
逞筆◆１,102,102,その処断を<span class='word'>肯</span>わぬ蒙昧な人々。,うべな,肯う＝もっともだと思って承知する。よいとしてうなずく。
逞筆◆１,103,103,その場の誰もが口を<span class='word'>噤</span>んでいた。,つぐ,口を閉じてものを言わない。黙る。
逞筆◆１,104,104,それは<span class='word'>夥</span>しく存在する。,おびただ,①非常に多い。②はなはだしい。はげしい。
逞筆◆１,105,105,それは<span class='word'>迚</span>もできない。,とて,①（あとに打ち消しの表現を伴って用いる）どのようにしても実現しない気持ちを表す。どうしても。とうてい。②程度のはなはだしいさま。非常に。たいへん。とっても。③結局は否定的な結果になるという投げやりな気持ちを表す。どうせ。しょせん。④よりよい内容を望む気持ちを表す。どうせ...なら。
逞筆◆１,106,106,それは濃緑の葉の間に<span class='word'>赫</span>いていた。,かがや,あかあかと光る。あかく光り輝く。
逞筆◆１,107,107,それも<span class='word'>序</span>でに言って置く。,つい,①あることを行うとき、同時に他のこともするよい機会。②順序。次第。
逞筆◆１,108,108,それを言っては<span class='word'>縺</span>れてしまう。,もつ,①糸など線状のものがからみ合う。②言語や動作が自由にならない。③物事が混乱してこじれる。
逞筆◆１,109,109,とらつぐみを<span class='word'>鵺</span>ともいう。,ぬえ,①伝説上の怪獣。頭はサル、手足はトラ、体はタヌキ、尾はヘビ、声はトラツグミに似るという。②得体の知れない人物やはっきりしない態度。③トラツグミの別称。
逞筆◆１,110,110,どうやら<span class='word'>秕</span>ばっかし摑まされたらしい。,しいな,①殻ばかりで中身のない、もみ。②実らないまましなびた、草木の実。
逞筆◆１,111,111,なかなか<span class='word'>強</span>かな人物である。,したた,①ひとすじなわではいかないさま。②ひどく。つよく。大いに。
逞筆◆１,112,112,はて<span class='word'>扠</span>運の甲斐ない男だ。,さて,偖、扨。ところで。続けてきた話の話題を変えるときに用いる語。
逞筆◆１,113,113,ひどく打ち<span class='word'>萎</span>れた様子だ。,しお,①しょんぼりする。正気を失ってぐったりする。②衣服などがぬれて萎える。転じて、ぬれる。③草木や花などが風雨、陽光などによってしぼむ。ぐったりする。
逞筆◆１,114,114,まことに<span class='word'>忝</span>く存じます。,かたじけな,①おそれ多い。もったいない。②身にしみてありがたい。
逞筆◆１,115,115,もみじ葉は風の<span class='word'>被</span>くる錦なりけり。,かず,①責任を負わせる。②かこつける。③頭にかぶらさる。また、ご祝儀や褒美として衣類を肩に掛ける。
逞筆◆１,116,116,もらうものなら<span class='word'>藜</span>でも。,あかざ,アカザ科の一年草。中国原産。空き地や道端に自生。高さは一メートル以上になり、茎はかたい。葉はひし形に近い卵形。夏、小花を穂状につける。若葉は赤紫色で、食べられる。
逞筆◆１,117,117,ゆかしさよ<span class='word'>樒</span>花咲く雨の中。,しきみ,梻。モクレン科の常緑小高木。暖地の山林に自生。春、淡黄色の花を開く。葉は長い楕円形で光沢と香気があり、抹香をとる。また、枝を仏前に供える。果実は有毒。シキビ。
逞筆◆１,118,118,よく<span class='word'>鞣</span>してある菖蒲色の革紐。,なめ,動物の毛皮の毛と脂肪を取り除き、薬品で処理して柔らかくする。
逞筆◆１,119,119,わざと要点を<span class='word'>暈</span>して話した。,ぼか,①色合いや線などを次第に薄くぼんやりとさせる。②話の内容をはっきりさせずにあいまいにする。
逞筆◆１,120,120,ミネルヴァの<span class='word'>梟</span>は知恵の象徴とされる。,ふくろう,フクロウ科の鳥。森林にすむ。頭は丸くて、目は大きく、くちばしが鋭い。多くは夜行性でネズミやモグラなどの小動物を捕食する。
逞筆◆１,121,121,悪魔主義と<span class='word'>看做</span>されている。,みな,見做。みて、そうときめる。それと判定したり仮定したりする。
逞筆◆１,122,122,葦辺に舟が<span class='word'>舫</span>ってある。,もや,①船と船とを互いにつなぎ合わせる。②杭などに船をつなぎとめる。
逞筆◆１,123,123,胃が<span class='word'>凭</span>れて困る。,もた,①ものを支えにして体重をかける。よりかかる。②食べた物がよく消化されず、胃がすっきりとしない。
逞筆◆１,124,124,医師の忠告を<span class='word'>肯</span>じなかった。,がえん,受け入れる。承知する。肯定する。
逞筆◆１,125,125,井戸茶碗の<span class='word'>鰄</span>に見処があった。,かいらぎ,梅花皮。南海にすむサメ類で、アカエイに似た魚の背皮。刀剣のつかやさや、装飾品などに用いる。
逞筆◆１,126,126,一気に気勢を<span class='word'>削</span>がれてしまう。,そ,①物の先端をとがらせるように薄く切る。②髪の毛の端を間引くように切り落とす。③減らす。弱くする。
逞筆◆１,127,127,一向に<span class='word'>梲</span>があがらない。,うだつ,卯建。家の梁の上に立て、棟木を支える短い柱。※梲が上がらぬ＝それなりの努力はしても運がなく、いつまでたってもよい境遇になれないこと。出世しない。
逞筆◆１,128,128,一点一画<span class='word'>苟</span>もせず。,いやしく,①かりにも。かりそめにも。②いいかげんに。おろそかに。
逞筆◆１,129,129,一匹の<span class='word'>鰆</span>を以てもてなさん。,さわら,サバ科の海魚。各地の沿岸に分布し、特に瀬戸内海に多くすむ。形は細長く、体長約一メートル。背は淡灰青色で腹は銀灰色。冬から春に美味。
逞筆◆１,130,130,越鳥南枝に巣くい、胡馬北風に<span class='word'>嘶</span>く。,いなな,ウマが声高く鳴く。※越鳥南枝に巣くい、胡馬北風に嘶く＝故郷の忘れがたいことや、故郷を恋い慕うこと。望郷の念にかられること。
逞筆◆１,131,131,縁が綺麗に<span class='word'>縢</span>ってある。,かが,布の縁や破れた部分を糸をからげて縫う。まつる。
逞筆◆１,132,132,遠くなった耳で聞き、<span class='word'>翳</span>んだ目で見る。,かす,物がぼやけて見えにくくなる。
逞筆◆１,133,133,遠くの方から<span class='word'>鬨</span>の声が聞こえてきた。,とき,戦場などで士気を高めるために、一斉にあげる声。
逞筆◆１,134,134,遠山を<span class='word'>銜</span>み長江を呑む。,ふく,①口にくわえる。②お受けする。③心に留める。根にもつ。
逞筆◆１,135,135,塩を<span class='word'>撮</span>んで火に入れる。,つま,塩を撮んで火に入れる＝勢いのあるものにさらに勢いを添えること、一段とはげしくすることのたとえ。火に油を注ぐ。
逞筆◆１,136,136,往く者には必ず<span class='word'>贐</span>を以てす。,はなむけ,旅立つ人に、別れを惜しみ、また、はげますために金品などを贈ること。また、その金品など。餞別。
逞筆◆１,137,137,王子は<span class='word'>窶</span>れた姿で帰還した。,やつ,①やせおとろえる。②みすぼらしくなる。
逞筆◆１,138,138,恩師の前を<span class='word'>憚</span>らず反対論を唱える。,はばか,①差し障りがあるとしてひかえる。遠慮する。②幅をきかす。のさばる。
逞筆◆１,139,139,何と<span class='word'>論</span>われても平然としている。,あげつら,物事の是非や善悪をあれこれ論じる。ささいなことを言い立てる。
逞筆◆１,140,140,嫁と<span class='word'>廁</span>は遠いほどよい。,かわや,嫁と廁は遠いほどよい＝便所の位置は遠いほどよいし、嫁をもらうなら実家が遠方であるほどよい。
逞筆◆１,141,141,果を<span class='word'>擲</span>ち車に満つ。,なげう,果を擲ち車に満つ＝非常に人気があることのたとえ。また、大変な美少年のたとえ。
逞筆◆１,142,142,火にあぶられて<span class='word'>燻</span>し銀の色に変じた。,いぶ,燻し銀＝①硫黄でいぶして表面の光沢をくすませた銀。また、その渋みのある銀色。②派手さはないが、実力や実質をそなえていること。
逞筆◆１,143,143,火を乞うは、<span class='word'>燧</span>を取るに若かず。,ひうち,火打ち。火をつける道具。石と鉄片を打ち合わせて発火させるもの。
逞筆◆１,144,144,火事場に<span class='word'>纏</span>を持って消し口に立つ。,まとい,①昔、戦陣で大将のそばに立てた目印。さおの先に、さまざまな飾りをつけたもの。②江戸時代以後、火事場で使った火消しの組の目印。
逞筆◆１,145,145,禍福は<span class='word'>糾</span>える縄の如し。,あざな,糸などをより合わせる。縄をなう。※禍福は糾える縄の如し＝幸福とわざわいは順繰りにやってくるということ。塞翁が馬。
逞筆◆１,146,146,荷花落日、紅<span class='word'>酣</span>なり。,たけなわ,酒宴が最高潮のとき。転じて、物事の勢いが最も盛んなとき。まっさかり。まっさいちゅう。
逞筆◆１,147,147,貨<span class='word'>悖</span>りて入る者はまた悖りて出づ。,もと,道にそむく。道理にさからう。
逞筆◆１,148,148,我が期を<span class='word'>愆</span>らんとするにはあらず。,あやま,あるべきさまから外れ、くいちがう。しくじる。やりそこなう。
逞筆◆１,149,149,我が身を<span class='word'>抓</span>って人の痛さを知れ。,つね,我が身を抓って人の痛さを知れ＝自分が同じ立場だったらどう感じるかを考えて、人を思いやらなくてはいけないというたとえ。
逞筆◆１,150,150,我ひとりの手柄と<span class='word'>嘯</span>く。,うそぶ,①とぼけて知らないさまを装う。②おおげさなことや偉そうなことを言う。大言壮語する。
逞筆◆１,151,151,会の結成を<span class='word'>懌</span>ぶ。,よろこ,かたくなな心がほどけて気持ちがやわらぐ。
逞筆◆１,152,152,会員たちは<span class='word'>一齣</span>議論を交わした。,ひとくさり,話などのまとまったひと区切り。
逞筆◆１,153,153,怪獣は目が覚めると<span class='word'>鬣</span>を転じて出て行った。,たてがみ,ライオンの雄やウマなどの、首筋に生えている長い毛。
逞筆◆１,154,154,海で採った海苔を<span class='word'>漉</span>く。,す,抄。紙や海苔などの原料を水に溶かし、<ruby>簾<rt>す</rt></ruby>などで薄く平らに広げる。
逞筆◆１,155,155,外国で<span class='word'>屢</span>見る庭園のようだ。,しばしば,屢屢。たびたび。しきりに。何度も。
逞筆◆１,156,156,柿の実を<span class='word'>啄</span>みに小鳥たちがやってくる。,ついば,鳥がくちばしで物をつついて食べる。
逞筆◆１,157,157,柿の葉に毛虫が<span class='word'>蠢</span>いている。,うごめ、おごめ,虫がごそごそとはうように、全体が細かく動く。
逞筆◆１,158,158,角落としに荒目の<span class='word'>鑢</span>を使う。,やすり,のこぎりの目立てや金属の表面を平らにする工具。棒状または板状で、表面に細かい刻み目がある。
逞筆◆１,159,159,学校での<span class='word'>苛</span>めが問題となっている。,いじ,①弱いものを苦しめ、痛めつける。つらく当たる。さいなむ。②ことさらに厳しく扱う。
逞筆◆１,160,160,学問する人はまず<span class='word'>謙</span>るを以て基とすべし。,へりくだ,相手を敬い、自分を卑下する。けんそんする。
逞筆◆１,161,161,寒風の中を<span class='word'>跼</span>って歩く。,せぐくま、せくぐま,体をまげてちぢこませる。背を丸くしてかがむ。
逞筆◆１,162,162,勧学院の雀は蒙求を<span class='word'>囀</span>る。,さえず,①小鳥がさかんに鳴き続ける。②やかましくしゃべる。※勧学院の雀は蒙求を囀る＝身近に見たり聞いたりしていることは、自然に習いおぼえることのたとえ。
逞筆◆１,163,163,完き<span class='word'>黙</span>しを以て雄弁に法を説く。,もだ,①口をつぐむ。だまる。②そのままにしてかまわないでおく。無視する。
逞筆◆１,164,164,干潟で<span class='word'>蟶貝</span>を採る。,まてがい,馬刀貝、馬蛤貝。マテガイ科の二枚貝。浅海の砂泥に垂直にすむ。殻は細長い円筒形で、長さは約一二センチメートル。穴に塩を入れると飛び出す習性がある。食用で美味。マテ。カミソリガイ。
逞筆◆１,165,165,患えは<span class='word'>忽</span>せにするところより生ず。,ゆるが,忽せにする＝おろそかにする。いいかげんにする。ほうっておく。
逞筆◆１,166,166,眼を<span class='word'>瞋</span>らして飛び込んで来た。,いか,目を見開いてにらむ。
逞筆◆１,167,167,危うく身を<span class='word'>躱</span>した。,かわ,ぶつからないようにすばやく動いて避ける。また、避けて隠れる。
逞筆◆１,168,168,奇を<span class='word'>衒</span>った言動だ。,てら,知識や才能などをひけらかす。えらそうに見せかける。
逞筆◆１,169,169,幾箇所かの<span class='word'>件</span>は想い出すことができる。,くだり、くだん,くだり＝①文章の中の行・段落・章など記述の一部分。②前に述べた事柄。くだん。くだん＝前に書いたり述べたりした文面や事柄。転じて「例の」の意。
逞筆◆１,170,170,機の<span class='word'>梭</span>の形に創意が窺われる。,ひ,機織りの道具。横糸をくぐらせて通す、舟形の管。その中に糸巻きをおさめる。
逞筆◆１,171,171,汽笛が朝靄を<span class='word'>劈</span>く。,つんざ、さ,手や爪で強くやぶる。転じて、激しい勢いでひきさく。
逞筆◆１,172,172,記憶が<span class='word'>褪</span>せる。,あ,色・つやなどが薄くなる。さめる。また、容色などがおとろえる。
逞筆◆１,173,173,急ぎ聚落へ<span class='word'>罷</span>り上る。,まか,①高貴な人や目上の人の前から退出する。おいとまする。②都から地方へ下る。③「行く」「来る」の丁寧語。④「死ぬ」の丁寧語。みまかる。
逞筆◆１,174,174,急に<span class='word'>転</span>と後ろを振り向いた。,くるり,①身軽く、回転するさま。②物事が反転したように、すっかりかわるさま。③まわりを取り巻くさま。丸めたり包んだりするさま。ぐるり。④唐棹のこと。くるり棒。
逞筆◆１,175,175,旧弊に<span class='word'>泥</span>まぬよう注意する。,なず,①動作や状態がなかなか進行しないで停滞する。②なじんだものにこだわる。執着する。
逞筆◆１,176,176,挙国一致しても軍事に<span class='word'>力瘤</span>を入れる。,ちからこぶ,力瘤を入れる＝腕を曲げて、力瘤をつくる。転じて、熱心に力を尽くす。しきりに世話をする。
逞筆◆１,177,177,京洛の春も<span class='word'>闌</span>の頃。,たけなわ,①物事が一番盛んなとき。まっさいちゅう。さなか。②盛りを少し過ぎたころ。
逞筆◆１,178,178,業を煮やして罎の蓋を<span class='word'>抉</span>じ開けた。,こ,すき間や穴などに物を差しこみ強くねじる。
逞筆◆１,179,179,襟首に兜の<span class='word'>錣</span>ずれの痕がある。,しころ,錏。かぶとや頭巾から左右や後ろに垂らして、首をおおって守るもの。
逞筆◆１,180,180,謹んで新年を<span class='word'>寿</span>ぐ。,ことほ,祝いの言葉を述べる。
逞筆◆１,181,181,金が尽き<span class='word'>搗</span>てて加えて病を得た。,か,あることの上にさらにことを加えて。さらにその上に。おまけに。ふつう望ましくない状態が重なる場合に用いることが多い。
逞筆◆１,182,182,金魚の<span class='word'>鰓</span>呼吸の様子を観察する。,えら,鰓呼吸＝水生動物がえらによって行なう呼吸。水中に溶けている酸素を血液中に取り入れ、血液中の炭酸ガスを水とともに排出する。魚類、円口類、軟体動物の大半は終生行なうが、両生類、昆虫類などでは生育の初期に限られることが多い。
逞筆◆１,183,183,九齡に<span class='word'>垂</span>としてただ梨と栗とをもとむ。,なんなん,まさにそうなろうとする。もう少しでなろうとしている。
逞筆◆１,184,184,具縛の凡衆を<span class='word'>誑</span>かす。,たぶら,うまいことを言ったり、ごまかしたりしてだます。
逞筆◆１,185,185,靴を隔てて<span class='word'>痒</span>きを搔く。,かゆ,癢。皮膚がむずむずとして、搔きたいような感じである。※靴を隔てて痒きを搔く＝物事が思うようにいかず、もどかしく、はがゆいことのたとえ。隔靴搔痒。
逞筆◆１,186,186,群れの<span class='word'>魬</span>で夥しく沖が光る。,はまち,ブリの幼魚の呼称。体長は四〇センチメートルくらい。おもに関西地方で用いられる。関東地方ではイナダという。
逞筆◆１,187,187,兄弟牆に<span class='word'>鬩</span>げども外その務りを禦ぐ。,せめ,互いに対抗して争う。
逞筆◆１,188,188,継ぎ<span class='word'>接</span>ぎだらけの襤褸を纏う。,は,①衣服の破れに別の布を当ててつくろうこと。また、その部分。②いろいろなものを寄せ集めて一つのものを作ること。
逞筆◆１,189,189,結婚を<span class='word'>甲子</span>の歳に執り行う。,きのえね,十干十二支。
逞筆◆１,190,190,月と<span class='word'>鼈</span>、提灯に釣り鐘。,すっぽん,月と鼈＝二つのもののちがいが、比較にならないほどかけ離れているたとえ。
逞筆◆１,191,191,月夜に背中<span class='word'>炙</span>る。,あぶ,月夜に背中炙る＝まわり遠くて効果のないことのたとえ。二階から尻炙る。
逞筆◆１,192,192,犬の子が追うて行くなり<span class='word'>雪礫</span>。,ゆきつぶて,雪合戦で、雪をこぶし大ににぎり固めて作った雪のかたまり。
逞筆◆１,193,193,己を衒わず、他を<span class='word'>貶</span>めず。,おとし,劣ったものとして馬鹿にする。見下げる。さげすむ。
逞筆◆１,194,194,故郷の風景は一層<span class='word'>懶</span>く見えた。,ものう、ものぐさ,嬾。なんとなくおっくうで、気が進まない。心が疲れて憂鬱なさま。
逞筆◆１,195,195,胡麻は<span class='word'>囮</span>の鳥の餌用である。,おとり,①鳥獣をおびき寄せ、捕らえるためにつないでおく同類の鳥獣。②人を誘い出すために使う物や人。
逞筆◆１,196,196,虎豹<span class='word'>豈</span>犬羊の欺きを受けんや。,あに,虎豹豈犬羊の欺きを受けんや＝徳のある者は卑しい者にあなどられることはないというたとえ。
逞筆◆１,197,197,五月雨に我は蓑着て<span class='word'>粽</span>哉。,ちまき,もちごめやくず粉などをササや竹の子の皮などで包んで蒸した餅。端午の節句に食べる。
逞筆◆１,198,198,互いに<span class='word'>鎬</span>をけずって戦う。,しのぎ,刀身の刃と峰の間の盛り上がった部分。※鎬を削る＝はげしく争うことのたとえ。
逞筆◆１,199,199,後生畏るべし、来者<span class='word'>誣</span>い難し。,し,人を窮地に追いこむために、事実でないことを言う。偽って言う。
逞筆◆１,200,200,御主はちと<span class='word'>諄</span>いのではないか。,くど,①しつこくてうっとうしい。②味や色などが濃くてしつこい。
逞筆◆１,201,201,光<span class='word'>清</span>かにして宛も東瀛を鎮するに似たり。,さや,①はっきりと澄んでいるさま。明るくよく見えるさま。②音・声が澄んでいてはっきりと聞こえるさま。
逞筆◆１,202,202,光を<span class='word'>漲</span>らせた蒼い空。,みなぎ,①水の勢いが盛んになる。水が満ちてあふれる。②あふれるほどに満ち広がる。
逞筆◆１,203,203,光清かにして<span class='word'>宛</span>も東瀛を鎮するに似たり。,あたか,まるで。さながら。
逞筆◆１,204,204,口で<span class='word'>貶</span>して心で褒める。,けな,悪く言う。悪いところだけを取り上げてけちをつける。そしる。
逞筆◆１,205,205,好きには身を<span class='word'>窶</span>す。,やつ,①姿をみすぼらしく、また、目立たないように変える。②やせるほど思い悩む。
逞筆◆１,206,206,好けば痘痕も<span class='word'>靨</span>の見ゆ。,えくぼ,痘痕も靨＝ほれていると相手の欠点も長所のように見える、また、ひいき目で見れば醜いものも美しく見える意にいう。
逞筆◆１,207,207,工事は<span class='word'>概</span>ね完了した。,おおむ,だいたい。おおよそ。あらまし。
逞筆◆１,208,208,恒例の<span class='word'>鞴</span>祭りがあった。,ふいご、ふいごう,金属の精錬に用いる、火をおこす送風器。とってを押したり引いたりして風を出す。初期は革袋状のものが使われたが、しだいに改良されて、箱状のものや、アコーディオン状のものなどがある。ふきがわ。
逞筆◆１,209,209,皇子は<span class='word'>縊</span>れて果てた。,くび,首をくくって死ぬ。首つり自殺をする。
逞筆◆１,210,210,荒砥で<span class='word'>刃毀</span>れを直す。,はこぼ,刀や包丁などの刃が部分的に欠けること。また、その部分。
逞筆◆１,211,211,黒い鬣を<span class='word'>梳</span>かす。,と、す,髪にくしを入れて整える。髪の乱れを整える。髪をとかす。
逞筆◆１,212,212,今後の研究に<span class='word'>俟</span>つ。,ま,竢。①待ち受ける。②あてにする。期待をかける。
逞筆◆１,213,213,今後の生活を<span class='word'>熟</span>と思案する。,つくづく、つらつら,熟熟。①よくよく。念を入れて。つらつら。②身にしみて感じ入るさま。
逞筆◆１,214,214,歳暮の町に<span class='word'>餅搗</span>きの音が響き渡る。,もちつ、もちづ,餅舂。餅をつくこと。また、その人。
逞筆◆１,215,215,細長い鼻つきをした<span class='word'>瓜実顔</span>の輪郭であった。,うりざねがお,瓜核顔。ウリの種のように、色が白くて面長な顔。
逞筆◆１,216,216,財に臨みて苟も得る<span class='word'>毋</span>れ。,なか,…するな。禁止の意を表す語。
逞筆◆１,217,217,作法について<span class='word'>諄諄</span>と説明する。,くどくど,①話などをしつこくくり返して言うさま。②思い切りの悪いさま。
逞筆◆１,218,218,山路の<span class='word'>櫨</span>の木が色づいてきた。,はぜ,ハゼノキの別称。
逞筆◆１,219,219,蚕が<span class='word'>蔟</span>で繭を作る。,まぶし,蚕簿。蚕が繭を作りやすいように工夫した道具。わら・竹・紙などで作る。
逞筆◆１,220,220,四十を<span class='word'>疾</span>うに越している年齢であった。,と,ずっと前に。とっくに。
逞筆◆１,221,221,子は<span class='word'>罕</span>に利を言う。,まれ,めったにないさま。ごく珍しいさま。
逞筆◆１,222,222,指を<span class='word'>銜</span>えて待っている。,くわ,口または歯で軽くはさんで支え保つ。
逞筆◆１,223,223,枝も<span class='word'>撓</span>わに積もった雪。,たわ,枝がしなうさま。たわ。
逞筆◆１,224,224,紙子着て川へ<span class='word'>嵌</span>まる。,は,紙子着て川へ嵌まる＝無謀なことをして、自ら破滅を招くことのたとえ。
逞筆◆１,225,225,紫陽花の<span class='word'>縹色</span>が寺門に映える。,はなだいろ,①薄い藍色。そらいろ。②「縹色<ruby>威<rt>おどし</rt></ruby>」の略。はなだいろの緒を用いた鎧。
逞筆◆１,226,226,脂に画き氷に<span class='word'>鏤</span>むるがごとし。,ちりば,脂に画き氷に鏤む＝本体がきちんとしていなければ、いくら外側を飾っても無駄であるということ。努力をしても効果がないたとえ。
逞筆◆１,227,227,至治の国、君は<span class='word'>桴</span>の若く、臣は鼓の若し。,ばち,枹。太鼓や鉦鼓などの楽器を打ち鳴らす棒。
逞筆◆１,228,228,事が延びれば<span class='word'>尾鰭</span>が付く。,おひれ,①魚の本体ではない尾とひれ。②本体以外に付け加わったもの。
逞筆◆１,229,229,持ち前の冒険心が<span class='word'>滾</span>ってきた。,たぎ,①水しぶきがあがり、勢いよく流れる。②沸騰し、わき立つ。③感情などがわきあがる。
逞筆◆１,230,230,自責の念に<span class='word'>苛</span>まれる。,さいな,①きびしくとがめてしかる。きつくせめる。②いじめて悩ます。苦しめる。
逞筆◆１,231,231,自責の念は<span class='word'>夜毎</span>自らを蝕んだ。,よごと,毎晩。よなよな。
逞筆◆１,232,232,自然淘汰の<span class='word'>篩</span>に掛けられる。,ふるい,篩に掛ける＝①粉などを篩で選り分ける。②ある基準によって、多くの人・物を選び分けて、その基準に適さないものを排除する。
逞筆◆１,233,233,鹿の<span class='word'>韋</span>の鞄を誂える。,なめしがわ,毛を取り、なめし加工をして柔らかくした獣の革。
逞筆◆１,234,234,七年の病に三年の<span class='word'>艾</span>を求める。,もぐさ,①ヨモギの葉を干してもみ、綿状にしたもの。灸に使う。②ヨモギの別称。※七年の病に三年の艾を求む＝急場に臨んでからではどんなに良い方法をとっても効果はない、平生からの心がまえが大切だというたとえ。
逞筆◆１,235,235,七輪に火を<span class='word'>熾</span>す。,おこ,炭に火を移して、炭火の勢いをさかんにする。
逞筆◆１,236,236,嫉妬心を<span class='word'>露</span>にする。,あらわ,顕。①はっきりと目に見えるさま。むき出しであること。②無遠慮なさま。露骨なさま。③表だったさま。公然となるさま。
逞筆◆１,237,237,煮汁を<span class='word'>漉</span>して鍋に移す。,こ,液体状のものを砂や紙に通して、不純物やまじり物を取り除く。濾過する。
逞筆◆１,238,238,車<span class='word'>擡</span>げよ、火かかげよ。,もた、もちあ,もち上げる。
逞筆◆１,239,239,借る時の地蔵顔、<span class='word'>済</span>す時の閻魔顔。,な,①整えてなし遂げる。義務を果たす。②借りた金品を返す。
逞筆◆１,240,240,手に<span class='word'>幾緡</span>かの銭を握らせた。,いくさし,穴あき銭を束ねるひも。
逞筆◆１,241,241,手管を弄して老中を<span class='word'>誑</span>し込む。,たら,甘言や色仕掛けで、すっかりだます。まんまとたぶらかす。うまうまとだまして自分のものとする。
逞筆◆１,242,242,手助けをするに<span class='word'>吝</span>かでない。,やぶさ,悋。①ものおしみするさま。けちなさま。②未練なさま。ためらうさま。③「…に－でない」の形で、…する努力をおしまない。
逞筆◆１,243,243,朱塗りの<span class='word'>櫃</span>に経を蔵めてある。,ひつ、はこ,匱。①ふたのある大きい箱。おもに衣服や書物を入れる。②めしびつ。
逞筆◆１,244,244,酒の香りに<span class='word'>噎</span>んだ。,むせ,咽。①飲食物がのどにつかえるなどして息苦しくなる。②喜びや悲しみで胸がいっぱいになりのどがつまる。むせび泣く。
逞筆◆１,245,245,酒の肴に<span class='word'>鯣</span>をあぶる。,するめ,イカの胴を縦に開いて内臓を取り去り、広げた形で天日干しにしたもの。
逞筆◆１,246,246,酒を<span class='word'>呷</span>るように飲む。,あお,酒などを一気に飲む。
逞筆◆１,247,247,樹樹を<span class='word'>嬲</span>る嵐が紅葉を散らした。,なぶ,①おもしろ半分にからかい苦しめる。おもしろがっていじめる。②もてあそぶ。いじる。
逞筆◆１,248,248,秋<span class='word'>魳</span>は嫁に食わすな。,かます,梭魚、梭子魚。カマス科の海魚の総称。体は細長く、口先がとがっている。干物にして食べる。
逞筆◆１,249,249,十五日の三毬杖に<span class='word'>囃</span>を唱える。,はやし,囃子。歌の伴奏をする笛や太鼓などの鳴り物。また、その音曲。多く、歌舞伎や能・民族芸能などで用いる。
逞筆◆１,250,250,宿直して迎え<span class='word'>侍</span>りぬ君が春。,はべ,地位の高い人のそばに仕える。また、宴席などに控える。
逞筆◆１,251,251,熟したる<span class='word'>橙</span>の如き頰の色。,だいだい,臭橙、回青橙。ミカン科の常緑小高木。暖地で栽培。初夏、香りのある白色の花をつける。球形の果実は正月の飾りに用いる。
逞筆◆１,252,252,暑さの<span class='word'>砌</span>お変わりありませんか。,みぎり,①おり。時節。手紙文などで用いる。②軒下や階段の下の石だたみ。敷石。
逞筆◆１,253,253,書のために<span class='word'>蠹</span>を憂える。,しみ,蠹魚、衣魚。シミ科の昆虫の総称。
逞筆◆１,254,254,女房たちは<span class='word'>樗</span>の唐衣で出仕した。,おうち,楝。①センダンの古名。栴檀。②襲の色目。表は薄紫、裏は青。または表は紫、裏は薄紫。
逞筆◆１,255,255,宵のうちに<span class='word'>霙</span>はあがった。,みぞれ,雨まじりの雪。氷雨。
逞筆◆１,256,256,小樽の海に<span class='word'>鰊</span>の大群が押し寄せる。,にしん,鯡。ニシン科の海魚。寒流性の回遊魚で、北太平洋や北大西洋に分布。全長約三〇センチメートル。背は暗青色、腹は銀白色。卵は「数の子」という。食用。カド。カドイワシ。
逞筆◆１,257,257,小包をひもで<span class='word'>紮</span>げる。,から,まとめてしばる。しばって束にする。
逞筆◆１,258,258,少年の心を<span class='word'>弥</span>が上にも刺戟した。,いや,なおいっそう。
逞筆◆１,259,259,松江の鱸を<span class='word'>鱠</span>にして賞味する。,なます,膾。生の魚や野菜を酢であえた料理。
逞筆◆１,260,260,樵は曲げ木の<span class='word'>檋</span>をつけて山に入った。,かんじき,山に登るときなどに履き物の下につける、木や鉄の突起のある滑りどめ。現在のアイゼンのようなもの。
逞筆◆１,261,261,賞讃の声を<span class='word'>吝</span>しむものではない。,お,ものおしみする。しぶる。けちけちする。
逞筆◆１,262,262,上下<span class='word'>交</span>利をとりて国危うし。,こもごも,交交。入りまじるさま。また、かわるがわる。互いに。
逞筆◆１,263,263,場末の往来はひどく<span class='word'>濘</span>っていた。,ぬか,雨などで道がどろどろになる。
逞筆◆１,264,264,心に<span class='word'>蟠</span>りがあり執筆が捗らない。,わだかま,①複雑な感情が心のなかに残ってさっぱりしない。気が晴れない。②輪のようにうずまく。曲がりくねってとぐろをまく。
逞筆◆１,265,265,心の<span class='word'>掟</span>正しく修する。,おきて,①取り決め。しきたり。多く、仲間内の決めごとをいう。②法律。
逞筆◆１,266,266,新人というには些か<span class='word'>薹</span>が立っている。,とう,①野菜などの花茎が伸びてかたくなり、食用に適する時期を過ぎる。②盛りが過ぎる。年ごろが過ぎる。
逞筆◆１,267,267,新知に培養<span class='word'>転</span>た深沈たり。,うた,①ますます。程度が進んでいよいよ。②ひどく。常とちがってはなはだしく。
逞筆◆１,268,268,真の黄金は<span class='word'>鍍</span>せず。,めっき,鍍金、滅金。①金属や非金属の表面に、装飾やさびどめなどの目的で金・銀などの薄い膜をかぶせること。また、そのようにしたもの。②表面だけをよく見せること。また、そう見せかけたもの。
逞筆◆１,269,269,真の武士は死に<span class='word'>阿</span>るを以て怯懦なりとしたり。,おもね,相手に気に入られようとして振る舞う。
逞筆◆１,270,270,神社の参道に<span class='word'>幟</span>が林立している。,のぼり,①「幟旗」の略。目じるしのために、細長い布の端に輪をつけて竿に通して立てる旗。②鯉のぼり。端午の節句に男児の成長を祝って立てる。
逞筆◆１,271,271,神饌の<span class='word'>粢</span>を調える。,しとぎ,神前に供える、米の粉で作った卵形のもち。しとぎもち。
逞筆◆１,272,272,臣、弱才を以て<span class='word'>叨</span>に非拠を窃む。,みだり,むやみに。
逞筆◆１,273,273,親子三代、殿に<span class='word'>傅</span>き仕えた。,かしず,そばに付き添ってたすける。人に仕えて大切に世話をする。
逞筆◆１,274,274,身綺麗な<span class='word'>大髻</span>の若衆が同道した。,おおたぶさ,男の髪の髻を大きく結ぶこと。また、そのもの。
逞筆◆１,275,275,進退谷って自ら<span class='word'>刎</span>ねる。,は、くびは,飛ばすように切り捨てる。薙ぎ切る。
逞筆◆１,276,276,人々の膏血を<span class='word'>浚</span>う。,さら,濬。①溝などの底にある土砂をすっかりすくい取る。②他人の物を奪い取る。
逞筆◆１,277,277,人の<span class='word'>褌</span>で相撲を取る。,ふんどし,人の褌で相撲を取る＝他人のものを利用して、自分のことをするずる賢いやり方のこと。人の牛蒡で法事する。
逞筆◆１,278,278,人を<span class='word'>蔑</span>するにも程がある。,なみ,ないがしろにする。あなどる。蔑視する。
逞筆◆１,279,279,水田の底に<span class='word'>蜷</span>の這った迹が見える。,にな,蝸螺。細長い巻貝の総称。カワニナ・ウミニナなど。食用。
逞筆◆１,280,280,世に寄すること<span class='word'>将</span>幾何ぞ。,はた,①あるいは。それとも。②そのうえにまた。
逞筆◆１,281,281,清旦、方に案に<span class='word'>堆</span>し。,うずたか,盛り上がって高い。積み重なって高い。
逞筆◆１,282,282,生活の記述を<span class='word'>蔑</span>ろにする。,ないがし,あなどり軽んじるさま。無視すること。
逞筆◆１,283,283,盛栄一場の世を<span class='word'>儚</span>む。,はかな,はかないと思う。
逞筆◆１,284,284,西瓜の種を<span class='word'>齧</span>っている。,かじ,①かたいものに歯を立てて、けずり取る。②物事の一部だけの知識や体験を得る。
逞筆◆１,285,285,西陲の戍客、金革を<span class='word'>褥</span>とす。,しとね,蓐。寝たり座ったりするときに用いる、柔らかい敷物。また、ふとん。
逞筆◆１,286,286,青鷺の<span class='word'>番</span>いわたるやきょうの月。,つが,①二つそろって一組になること。また、そのもの。②雄と雌。③つなぎめ。また、関節。
逞筆◆１,287,287,青大将が<span class='word'>塒</span>を巻いている。,とぐろ,蜷局。ヘビなどが渦巻き状に体を巻くこと。
逞筆◆１,288,288,昔<span class='word'>葎</span>が生い茂っていた。,むぐら,ヤエムグラやカナムグラなどのつる草の総称。とげがあり、生い茂る。
逞筆◆１,289,289,石に<span class='word'>跌</span>く。,つまず,①足先が物にあたって、ころびそうになる。②途中で失敗する。
逞筆◆１,290,290,石畳の上に<span class='word'>踞</span>る。,うずくま,ひざを曲げ、体をかがめてしゃがむ。
逞筆◆１,291,291,折り目正しく<span class='word'>着熟</span>した。,きこな,衣服を自分に似合うように上手に着る。
逞筆◆１,292,292,先輩に<span class='word'>肖</span>って外遊した。,あやか,好ましい状態の人やめでたいものなどの影響を受けて、同じようになる。
逞筆◆１,293,293,煽てと<span class='word'>畚</span>には乗りやすい。,もっこ,土砂や農産物などを運ぶ道具。縄などで編んだ正方形の網の四隅に綱をつけ、棒でつって使う。
逞筆◆１,294,294,船は<span class='word'>纜</span>を解き、岸を離れた。,ともづな,船を岸などにつなぎとめる船尾の綱。もやいづな。
逞筆◆１,295,295,全く<span class='word'>噯</span>にも出さなかった。,おくび,噯気、噫気。胃の中にたまったガスが口の外へ出たもの。げっぷ。
逞筆◆１,296,296,組んず<span class='word'>解</span>れつの大挌闘。,ほぐ,取っ組み合ったり離れたりして、激しく争うさま。
逞筆◆１,297,297,組織に<span class='word'>罅割</span>れが生じている。,ひびわ,①ひびが入ること。ひびが入って割れ目ができること。また、そのもの。ひび。②人と人の仲が不和になること。へだたりができること。
逞筆◆１,298,298,相手から小胆と<span class='word'>見縊</span>られている。,みくび,相手の力を軽く見る。あなどる。見さげる。
逞筆◆１,299,299,袖口の綻びを<span class='word'>絎</span>ける。,く,くけ縫いをする。布の端を折りこみ、表側に縫い目が見えないように縫う。
逞筆◆１,300,300,其の声尖く<span class='word'>咽</span>び梭を鳴らすが如し。,むせ,①飲食物や煙などで息がつまりそうになる。②感情がこみ上げて声がつまる。③風や水の音が激しく泣くように聞こえる。
逞筆◆１,301,301,体は尋常の<span class='word'>犢</span>よりも大きい。,こうし,ウシの子。
逞筆◆１,302,302,耐えがたい<span class='word'>癢</span>さに襲われた。,かゆ,痒。皮膚がむずむずとして、搔きたい感じである。
逞筆◆１,303,303,怠けて終日炬燵に<span class='word'>燻</span>ぶっていた。,くす、ふす,①炎が燃え出さずに、けむる。②すすける。すすで黒くなる。③家にこもって、することもなく暮らす。④問題が表面化せず、はっきりと解決されないまま内部に残っている。
逞筆◆１,304,304,代々<span class='word'>髢屋</span>を生業としている。,かもじや,①髢を作り、また、売る店。②婦人の髪の毛を洗う商売。湯をわかした車を引いて町中を回った。
逞筆◆１,305,305,大きな<span class='word'>椈</span>の純林がある。,ぶな,山毛欅。ブナ科の落葉高木。温帯の山地に自生。樹皮は灰色。葉は広い卵形。実は「どんぐり」と呼ばれる。
逞筆◆１,306,306,大きな<span class='word'>鼾</span>だ。,いびき,睡眠中に、呼吸とともに鼻や口から出る雑音。
逞筆◆１,307,307,大きな困難が<span class='word'>開</span>かっている。,はだ,①手足を大きく広げて人の前に立つ。たちふさがる。②着衣の合わせ目が乱れて広がり開く。はだける。
逞筆◆１,308,308,大概の事なら目を<span class='word'>瞑</span>ろう。,つぶ、つむ,目を閉じる。ふさぐ。また、見て見ぬふりをする。
逞筆◆１,309,309,大向こうを<span class='word'>唸</span>らせる演技だ。,うな,①苦しそうな声を出す。うめく。②機械が低く鈍い音を出す。③力を入れてのどをしぼり、長く声を出す。④感嘆の声を出す。⑤力や物があり余っている。
逞筆◆１,310,310,鷹居眠るとき鳥雀<span class='word'>喧</span>し。,かまびす、やかま,諠。①不快に感じるほど音が大きい。騒がしい。②面倒でわずらわしい。決まり事などがきびしい。③好みがむずかしい。④世間で話題になっている。
逞筆◆１,311,311,啄木鳥の子は卵から<span class='word'>頷</span>く。,うなず,理解・承諾の意を表すために、首をたてに動かす。
逞筆◆１,312,312,沢の流れで米を<span class='word'>精</span>げる。,しら,①玄米をついて白くする。精米にする。②細工物などを磨いて仕上げる。
逞筆◆１,313,313,壇上に向かって熾んに<span class='word'>捲</span>し立てた。,まく,①息もつかせず、激しく言い立てる。立て続けに述べ立てる。まくしかける。②激しく追い立てる。あおりたてる。
逞筆◆１,314,314,地獄の羅刹に<span class='word'>魘</span>される。,うな,恐ろしい夢におびえて、眠ったまま苦しそうにうなる。
逞筆◆１,315,315,恥ずかしげに扇を<span class='word'>翳</span>す。,かざ,①頭上に掲げる。②物の上にさしかける。③額のあたりにおおいかける。
逞筆◆１,316,316,中たらずと<span class='word'>雖</span>も遠からず。,いえど,たとえ…であっても。…といっても。
逞筆◆１,317,317,忠臣は其の君に<span class='word'>諂</span>わず。,へつら,気に入られようと機嫌をとる。こびる。おもねる。
逞筆◆１,318,318,長葱を土に<span class='word'>埋</span>けて保存する。,い,①炭火が消えないように、灰にうずめる。②土の中にうめる。
逞筆◆１,319,319,庭に大きな<span class='word'>棗</span>の木がある。,なつめ,①クロウメモドキ科の落葉小高木。中国原産。夏、黄緑色の小花をつけ、楕円形の果実を結ぶ。果実は食用や薬用。②抹茶を入れる茶入れ。形が①の果実に似る。
逞筆◆１,320,320,敵の荒肝を<span class='word'>拉</span>いでみせよう。,ひし、ひしゃ,①押しつぶす。②勢いをくじく。
逞筆◆１,321,321,笛のような美しい声で<span class='word'>鷽</span>が囀る。,うそ,アトリ科の小鳥。スズメよりやや大きい。背は青灰色で尾は黒く、雄のほおは紅色。口笛のような声で鳴く。
逞筆◆１,322,322,天を恨みず人を<span class='word'>咎</span>めず。,とが,天を恨みず人を咎めず＝不遇であるからといって、天を恨んだり人を咎めたりしないで、みずから修養に努める。
逞筆◆１,323,323,都大路を<span class='word'>直</span>走る。,ひた,ひたすら走り続ける。休むことなく一心に走る。
逞筆◆１,324,324,冬の宿阿寒の<span class='word'>毬藻</span>のみ青く。,まりも,緑藻類シオグサ科の淡水藻。湖などに自生。緑色の糸状細胞がもつれ、球形になる。阿寒湖のものは特別天然記念物。
逞筆◆１,325,325,唐詩数首を<span class='word'>諷</span>んじる。,そら,そら読みする。そらでうたう。また、声を出して朗読したり、節をつけてうたう。
逞筆◆１,326,326,東屋の中で煙草を<span class='word'>燻</span>らしていた。,くゆ,煙をゆるやかに立てる。くゆらせる。
逞筆◆１,327,327,藤蔓を<span class='word'>箍</span>とした桶を使っていた。,たが,桶や樽の周りにはめる、竹や金属製の輪。
逞筆◆１,328,328,豆腐に<span class='word'>鎹</span>。,かすがい,豆腐に鎹＝手ごたえや効き目のないたとえ。豆腐にかすがいを打ちこんでも、豆腐がくずれるだけの意から。糠に釘。暖簾に腕押し。
逞筆◆１,329,329,頭蓬たりて<span class='word'>梳</span>るに暇あらず。,くしけず,櫛ですいて髪の毛をととのえる。けずる。とかす。すく。
逞筆◆１,330,330,頭領としての<span class='word'>弁</span>えがある。,わきま,①正しく判断して見きわめる。判別する。②物事を十分に理解している。心得る。
逞筆◆１,331,331,堂奥に御神体が<span class='word'>祀</span>ってある。,まつ,①神霊をなぐさめ儀式を行う。②神としてあがめ一定の場所に安置する。
逞筆◆１,332,332,道具箱から<span class='word'>鏝</span>を取り出す。,こて,壁などを塗るときに使う、鉄の平たい板に柄をつけた道具。
逞筆◆１,333,333,独活を<span class='word'>饅</span>にして一献ふるまう。,ぬた,魚介類や野菜などを酢みそであえた料理。ぬたあえ。ぬたなます。
逞筆◆１,334,334,南瓜の葉や茎が<span class='word'>萎</span>びている。,しな,水分や生気を失いしわがよる。
逞筆◆１,335,335,二十歳は<span class='word'>丁未</span>の歳となる。,ひのとひつじ,十干十二支。
逞筆◆１,336,336,二人の足音が<span class='word'>谺</span>するばかりでした。,こだま,木霊。①樹木に宿る精霊。木の精。②声や音が山・谷などに反響すること。やまびこ。
逞筆◆１,337,337,肉を串に刺して<span class='word'>榾火</span>で焼く。,ほたび、ほだび,木の切れはしや枯れ枝などを燃やす火。たき火。
逞筆◆１,338,338,日がな一日苧を<span class='word'>績</span>む。,う,麻などの繊維をより、つないで糸にする。つむぐ。
逞筆◆１,339,339,日常生活の<span class='word'>一齣</span>を描く。,ひとこま,映画や演劇などの短いひと区切り。一場面。転じて、一般的なできごとの一場面。
逞筆◆１,340,340,熱烈な意気が彼女の心を<span class='word'>撼</span>かした。,うご,物や人の心に衝撃を与えて、揺り動かす。揺さぶる。
逞筆◆１,341,341,濃密の花の香りに<span class='word'>噎</span>せる。,む,煙や飲食物がのどにつかえてせきこむ。
逞筆◆１,342,342,梅は食うとも<span class='word'>核</span>食うな。,さね,①果物の中心にある堅い部分。種。②板をつなぎ合わせるために、片方の板に作る細長い突起。
逞筆◆１,343,343,白日放歌<span class='word'>須</span>らく酒を縦にすべし。,すべか,多くは下に「べし」を伴って、ある事をぜひともしなければならないという気持ちを表す。当然。ぜひとも。
逞筆◆１,344,344,白布を川の流れに<span class='word'>醂</span>す。,さわ,①焼酎などにつけてカキの渋をぬく。あわす。②水につけてさらす。③黒い漆を、光沢の出ない程度に薄く塗る。
逞筆◆１,345,345,反発と憎悪を<span class='word'>綯</span>い交ぜにして睨んだ。,な,種類や性質の異なるものが、一つにまぜ合わさること。また、そのもの。ごちゃごちゃなもの。
逞筆◆１,346,346,彼の不心得を諫め<span class='word'>窘</span>めた。,たしな,言葉で穏やかに注意する。反省を促す。
逞筆◆１,347,347,彼は名立たる棟梁の<span class='word'>悴</span>である。,せがれ,①自分の息子を謙遜していう語。②他人の息子をいやしめていう語。
逞筆◆１,348,348,秘伝の<span class='word'>釉</span>を調える。,うわぐすり,釉薬。素焼の陶磁器の表面に塗り、焼いてつやを出すガラス質の硅酸塩化化合物を主成分とするもの。つやぐすり。
逞筆◆１,349,349,秘仏を<span class='word'>丙寅</span>の年のみ開帳する。,ひのえとら,十干十二支。
逞筆◆１,350,350,浜辺で漁網を<span class='word'>結</span>く。,す,意図や縄を編んでつなげる。
逞筆◆１,351,351,不賛成の意を<span class='word'>仄</span>めかす。,ほの,それとなく態度や言葉などで表す。ほのかに示す。
逞筆◆１,352,352,楓に<span class='word'>鶸色</span>の若葉が萌え出た。,ひわいろ,ヒワの羽のような黄緑色。黄色の強い萌葱色。
逞筆◆１,353,353,風が強いので<span class='word'>蔀</span>を下ろさせた。,しとみ,昔の建具の一つ。格子組みの裏に板を張り、上下二枚からなる戸。日光をさえぎり、風雨を防いだ。蔀戸。
逞筆◆１,354,354,風に草木が<span class='word'>靡</span>く。,なび,①風や水などの勢いによって、動いたり傾いたりする。②ある者の意志や威力にしたがう。また、はたらきかけられて、相手を好きになる。
逞筆◆１,355,355,風呂敷の隅を<span class='word'>抓</span>んで丁寧に折る。,つま、つ,指先ではさみつかむ。
逞筆◆１,356,356,払子の毛先を<span class='word'>剪</span>み切る。,はさ,はさみで切断する。はさみきる。
逞筆◆１,357,357,物を見る度に軽く眉を<span class='word'>皺</span>めている。,しわ,しわが寄る。しなびる。
逞筆◆１,358,358,文中、人の心を<span class='word'>擽</span>るものがあった。,くすぐ,①皮膚を軽く刺激して、こそばゆい感じにさせる。②人の感情を刺激する。感じやすい心にはたらきかけて快い気分にさせる。③人を笑わせようとして、こっけいなことを言う。
逞筆◆１,359,359,兵を起こし城を<span class='word'>屠</span>る。,ほふ,①鳥獣の体を切り裂く。②みなごろしにする。③敵を打ち破る。
逞筆◆１,360,360,兵馬を<span class='word'>小倅</span>などと侮っている。,こせがれ,①青年をののしっていう語。こわっぱ。②自分または他人のむすこを卑しめていう語。
逞筆◆１,361,361,平生の<span class='word'>身嗜</span>みに無関心である。,みだしな,衣服などを整えて、人に不快を感じさせないように、身のまわりをきちんとすること。
逞筆◆１,362,362,柄も折れよ刃も砕けよと<span class='word'>抉</span>る。,えぐ,①刃物などを突き刺して回す。②物事の内部を鋭く指摘する。
逞筆◆１,363,363,米<span class='word'>搗</span>つ男等、恐れ惑いて蹲る。,か,①搗く。臼で舂く。②たたいて落とす。
逞筆◆１,364,364,米を<span class='word'>舂</span>きながら思考する。,つ、うすづ,棒状の物で穀物などを売って押しつぶしたり、つきかためたりする。
逞筆◆１,365,365,墓木<span class='word'>已</span>に拱す。,すで,墓木已に拱す＝墓上に植えた木がひとかかえもあるほど大きくなっている。本来ならとっくに死んでいるはずだ。相手を、死にぞこない、長生きをして邪魔だなどとののしることば。また、転じて、実際に死後長い年月が過ぎる。
逞筆◆１,366,366,蓬萊曲<span class='word'>将</span>に稿を脱せんとす。,まさ,これから。今にも。きっと。近い将来を表す語。
逞筆◆１,367,367,鱒専用の<span class='word'>筌</span>を仕掛ける。,うえ,魚を捕る道具。細い竹を筒状または底のあいた徳利状に編み、水中に置くもの。ふせご。うけ。
逞筆◆１,368,368,明日香の風が<span class='word'>采女</span>の袖を吹き返す。,うねめ,昔、宮中で天皇や皇后の食事の世話などをした女官。
逞筆◆１,369,369,銘木の槐を<span class='word'>床框</span>に使用している。,とこがまち,床の間の前につけてある化粧横木。床縁。
逞筆◆１,370,370,鳴り物入りで<span class='word'>囃</span>す。,はや,①声をかけたり手を打ったりして調子をとる。②囃子を演奏する。③口をそろえてひやかしたりほめたりする。
逞筆◆１,371,371,木の下に汁も<span class='word'>膾</span>も桜かな。,なます,鱠。生の魚介類や野菜を細かく刻んで酢にひたした料理。
逞筆◆１,372,372,木を伐って<span class='word'>桴</span>に編む。,いかだ,木材や竹をつるなどでつないで、水上に浮かべるもの。
逞筆◆１,373,373,黙って<span class='word'>俯</span>いていた。,うつむ,頭を下げて顔を下に向ける。
逞筆◆１,374,374,門に入りて<span class='word'>諱</span>を問う。,いみな,①亡くなった人の生前の名。②死者を尊んでおくる名。諡。③身分の高い人の実名。
逞筆◆１,375,375,夜の<span class='word'>帳</span>が落ちかかる。,とばり,夜の闇のこと。夜の幕。
逞筆◆１,376,376,薬と鍼灸を用うるは、<span class='word'>已</span>む事を得ざる下策なり。,や,薬と鍼灸を用うるは、已む事を得ざる下策なり＝薬や鍼灸を用いる前に病気にならないよう、ふだんから健康に気をつけることが第一である。
逞筆◆１,377,377,油をしぼった残り<span class='word'>滓</span>だ。,かす,①液体などの底にたまるもの。おり。②必要な部分を取り除いたあとに残った不用物。つまらないもの。
逞筆◆１,378,378,友の便りには真情が<span class='word'>逬</span>っていた。,ほとばし,激しい勢いで飛び散る。
逞筆◆１,379,379,夕顔が<span class='word'>仄仄</span>と咲いていた。,ほのぼの,①ほんのりと。かすかに。②心があたたまるようなさま。
逞筆◆１,380,380,予想外の事態に<span class='word'>目眩</span>くような思いだ。,めくるめ,目がくらむ。目まいがする。
逞筆◆１,381,381,幼気盛りの笑顔が<span class='word'>眩</span>しい。,まぶ,光が強くて目をあけていられないほどだ。まばゆい。
逞筆◆１,382,382,幼児をなだめ<span class='word'>賺</span>す。,すか,①機嫌をとってなだめる。②言葉でだます。たぶらかす。
逞筆◆１,383,383,洋書に<span class='word'>栞</span>を挟む。,しおり,①読みかけの書物に目印としてはさむもの。②物事についての案内書。手引き。
逞筆◆１,384,384,慾に目が<span class='word'>眩</span>れて家産を蕩尽する。,く,心がまどい、どうしてよいかわからない。
逞筆◆１,385,385,来年の干支は<span class='word'>辛巳</span>である。,かのとみ,十干十二支。
逞筆◆１,386,386,里人は神隠しだ<span class='word'>人攫</span>いだと噂した。,ひとさら,人掠。暴力で、または、だまして女子や子どもを連れ去ること。また、その人。
逞筆◆１,387,387,竜踊りて淵に在り、五雲<span class='word'>裹</span>む。,つつ,くるむ。まとう。
逞筆◆１,388,388,竜鱗に<span class='word'>攀</span>じ鳳翼に附す。,よ,のぼろうとしてすがりつく。また、よじのぼる。
逞筆◆１,389,389,良き絵師といえども丹の色に<span class='word'>咎</span>あり。,とが,良き絵師といえども丹の色に咎あり＝上手な画家でも、必ずどこかに彩色の欠点があるものである。その道に長じた人でも完璧ということはありえないというたとえ。
逞筆◆１,390,390,良驥の足を<span class='word'>絆</span>し責む。,ほだ,①ウシやウマを綱などでつなぎ止める。②人間の自由を奪う。束縛する。
逞筆◆１,391,391,鱗を<span class='word'>刮</span>げてから筒切りにした。,こそ,こすりけずって取る。また、表面に付着している物をかきとってはがす。
逞筆◆１,392,392,烈士は営みを<span class='word'>苟</span>にせず。,かりそめ,かりそめな。いいかげんなさま。
逞筆◆１,393,393,蓮の花が<span class='word'>萼</span>を動かして香気を漂わす。,うてな、はなぶさ,花の最も外側にあって、花を保護し支えているもの。花のがく。
逞筆◆１,394,394,老大家に褒められて<span class='word'>脂下</span>がっている。,やにさ,気取ってかまえる。いい気分になってにやにやする。キセルを吸うとき、脂が吸い口のほうに下がるように、雁首を上げて反り気味になる格好から。
逞筆◆１,395,395,腕に<span class='word'>縒</span>りを掛けて料理する。,よ,腕に縒りを掛ける＝十分に腕前を発揮しようとして意気込む。
逞筆◆１,396,396,腕を<span class='word'>拱</span>きて大会に対す。,こまぬ、こまね,①両手を重ねて腕の前に置く。腕組みをする。②何もしないでただ見ている。
逞筆◆１,397,397,咄嗟に<span class='word'>前褌</span>を取った。,まえみつ,相撲のまわしで、体の全面の横にわたっている部分。前まわし。
逞筆◆１,398,398,囮捜査で犯人を<span class='word'>誘</span>き出した。,おび,だましてさそい出す。
逞筆◆１,399,399,寇に兵を藉して、盗に糧を<span class='word'>齎</span>す。,もたら,①持ってくる。また、持って行く。②何かの原因で、ある結果や影響が出てくる。
逞筆◆１,400,400,揣摩臆測を<span class='word'>逞</span>しくする。,たくま,①体ががっしりしている。②意志や勢いが盛んで力強い。
逞筆◆１,401,401,檜の薄板を<span class='word'>綰</span>ねて円筒形の器を作る。,わが,輪の形に曲げて結ぶ。
逞筆◆１,402,402,梟の<span class='word'>塒</span>を探しあてた。,ねぐら、とや,①ニワトリのねどこ。転じて、鳥の寝る所。巣。②人の泊まる所。
逞筆◆１,403,403,罠<span class='word'>拵</span>えて首突っ込む。,こしら,罠拵えて首突っ込む＝他人を陥れようとして、かえって自分自身の破滅を招くたとえ。自縄自縛。
逞筆◆１,404,404,羚羊、<span class='word'>藩</span>に触れて進退谷まる。,まがき,枝などを逆方向にそらせてからませた、生垣。垣根。
逞筆◆１,405,405,膠に浸した牛革を金槌で<span class='word'>撓</span>める。,いた,皮を膠の溶液に浸し、金づちなどで打ち固める。
逞筆◆１,406,406,臘梅の花が<span class='word'>萎</span>んでいた。,しぼ,①草花が水分をなくして小さくなる。②張りがなくなって縮む。
逞筆◆１,407,407,舳先から鯱に<span class='word'>銛</span>を射込む。,もり,棒の先に鋭くした金属をつけ、魚などを刺して捕る道具。
逞筆◆１,408,408,錺職は幾種類もの<span class='word'>鏨</span>を使う。,たがね,金属や石に用いるはがねで作ったのみ。
逞筆◆１,409,409,髀肉の嘆を<span class='word'>喞</span>つ。,かこ,ぐちを言ってなげく。
逞筆◆１,410,410,鷁舟乍ち動き、朱鷺<span class='word'>徐</span>に鳴く。,おもむろ,動作がものものしくゆっくりしているさま。
