逞筆◆１,1,1,遂に<span class='word'>蹉跌</span>した。,さてつ,①つまずくこと。②障害や失敗があって、行き詰まること。挫折。
逞筆◆１,2,2,<span class='word'>錚錚</span>たる顔ぶれ。,そうそう,①金属のぶつかり合う音の形容。錚然。②人物がすぐれてりっぱなさま。
逞筆◆１,3,3,恙無い十余年を襲う鬼の<span class='word'>霍乱</span>だった。,かくらん,癨乱。日射病。また、暑気あたりによって吐きくだしをする病気。
逞筆◆１,4,4,<span class='word'>明礬</span>の水溶液は酸性である。,みょうばん,硫酸アルミニウムとアルカリ金属などの結合物で、無色透明の正八面体の結晶。染色・医薬・製紙などに使用される。
逞筆◆１,5,5,無かった子出来たを抱きて<span class='word'>炬燵</span>かな。,こたつ,火燵。暖房器具の一つ。炭火などの熱源の上にやぐらをかぶせ、上を布団でおおったもの。
逞筆◆１,6,6,山中に<span class='word'>梵唄</span>を聴く。,ぼんばい,①<ryby>声明<rb>ショウミョウ</rb></ruby>の別称。②梵語を漢字音訳した歌詞による唄。<ryby>法会<rb>ホウエ</rb></ruby>の始まりに僧が独唱する<ryby>経文<rb>キョウモン</rb></ruby>。
逞筆◆１,7,7,亡骸は<span class='word'>荼毘</span>に付された。,だび,火葬にすること。
逞筆◆１,8,8,<span class='word'>痙攣</span>のような薄笑いを浮かべる。,けいれん,筋肉が急激に収縮し、ひきつること。ひきつり。
逞筆◆１,9,9,暴虎<span class='word'>馮河</span>の猛将。,ひょうが,無謀な行動のたとえ。
逞筆◆１,10,10,革命の<span class='word'>嚆矢</span>となる。,こうし,①かぶら矢。鳴りひびく矢。②物事の最初。起源。おこり。
逞筆◆１,11,11,臀部に<span class='word'>褥瘡</span>ができる。,じょくそう,蓐瘡。病気などで衰弱した体で長く寝ているとき、床にあたる身体の部分が赤くただれて傷つき、痛むこと。床ずれ。
逞筆◆１,12,12,<span class='word'>婉娩</span>として聞き従う。,えんべん、えんばん,おとなしく、すなおなこと。温順。
逞筆◆１,13,13,神の御心と人間の心は天地<span class='word'>霄壌</span>の差。,しょうじょう,天と地。また、天と地のように非常に隔たりのあるたとえ。雲泥。
逞筆◆１,14,14,<span class='word'>罨法</span>の繃帯を巻いて患部を静める。,あんぽう,炎症や痛みなどを和らげるために、患部を冷やしたり温めたりする治療方法。
逞筆◆１,15,15,<span class='word'>腱鞘</span>の一部を切り開く手術。,けんしょう,腱を包んでいる鞘状の結合組織。中に潤滑液があって腱の滑りをよくしている。
逞筆◆１,16,16,書斎に過ごす<span class='word'>静謐</span>なひと時。,せいひつ,静かで落ち着いていること。また、そのさま。
逞筆◆１,17,17,軍閥が<span class='word'>跋扈</span>していった。,ばっこ,権威をほしいままにして、のさばり、はびこること。また、思うがままに振る舞うこと。
逞筆◆１,18,18,<span class='word'>鍼灸</span>院に行き手当てを受けた。,しんきゅう,はりと灸を使って行う治療法。
逞筆◆１,19,19,来る<span class='word'>雷霆</span>の震怒を収めるべし。,らいてい,①雷。また、雷の響き。②たけだけしいさま。勇ましい軍隊のたとえ。③天子や目上の人の怒り。
逞筆◆１,20,20,宿の庭の池に<span class='word'>鶺鴒</span>が来る。,せきれい,鳥の名。セキレイ。水辺にすむ美しい小鳥。
逞筆◆１,21,21,まことに<span class='word'>忸怩</span>たるものがある。,じくじ,自分の行いをはずかしく思うようす。
逞筆◆１,22,22,<span class='word'>拈華</span>微笑、示すも大衆黙黙たり。,ねんげ,花をひねって取ること。
逞筆◆１,23,23,狐疑<span class='word'>逡巡</span>してチャンスを逃がす。,しゅんじゅん,決断できないで、ぐずぐずすること。しりごみすること。ためらい。
逞筆◆１,24,24,雄大な<span class='word'>真鍮</span>製の燭台。,しんちゅう,銅と亜鉛との合金。
逞筆◆１,25,25,<span class='word'>慙愧</span>に堪えない。,ざんき,深く恥じる。また、心にこたえるはじ。
逞筆◆１,26,26,背を<span class='word'>駱駝</span>のように僂める。,らくだ,ラクダ科の大形の哺乳類。砂漠地帯にすみ、背にこぶがあり、温順な性質で、乗用や荷物の運搬用に使われる。※僂める（かがめる）
逞筆◆１,27,27,窮乏を極めた<span class='word'>惨憺</span>たる生活の態。,さんたん,惨澹。①あれこれと心を悩ますさま。②いたましく悲しいさま。
逞筆◆１,28,28,幼時からの<span class='word'>痼疾</span>に悩む。,こしつ,いつまでも感知しない病気。ながわずらい。持病。
逞筆◆１,29,29,森林内を暫く<span class='word'>逍遥</span>する。,しょうよう,気ままに歩くこと。そぞろ歩き。散策。漫歩。散歩。
逞筆◆１,30,30,巨蛇の<span class='word'>蜿蜒</span>として至るを見る。,えんえん,蜿蜿、蜒蜒。①ヘビなどがうねり進むようす。②うねうねと長く続くようす。
逞筆◆１,31,31,肺の為に<span class='word'>喀痰</span>検査に臨む。,かくたん,たんをはくこと。また、はき出したたん。
逞筆◆１,32,32,<span class='word'>駘蕩</span>たる春光。,たいとう,①のどかなさま。②のびのびとしたさま。
逞筆◆１,33,33,<span class='word'>潺湲</span>たる流水を渡る。,せんかん、せんけん,①水がさらさらと流れるさま。また、その音。②涙の流れるさま。さめざめ。
逞筆◆１,34,34,目付きの悪い<span class='word'>不逞</span>の輩。,ふてい,勝手きままにずうずうしく行動すること。
逞筆◆１,35,35,<span class='word'>瀟灑</span>な洋館に住む。,しょうしゃ,瀟洒。すっきりとして洗練されているようす。
逞筆◆１,36,36,師の<span class='word'>謦咳</span>に接する。,けいがい,①せきばらい。②話したり笑ったりすること。
逞筆◆１,37,37,華道家の<span class='word'>剪刀</span>が光る。,せんとう,翦刀。はさみ。特に外科手術用のはさみ。
逞筆◆１,38,38,<span class='word'>掉尾</span>の勇を奮う。,とうび、ちょうび,①尻尾を振る。②物事や文章の終わりの勢いがよいこと。また、そのさま。③終わり。
逞筆◆１,39,39,目的を弁ずること実実着着慇懃<span class='word'>叮嚀</span>なり。,ていねい,丁寧。念入りで、親切にすること。
逞筆◆１,40,40,<span class='word'>襤褸</span>百結の行乞僧に喜捨する。,らんる,使い古した布きれ。また、古くなって破れた衣服。ぼろ。※行乞（ギョウコツ）
逞筆◆１,41,41,世態十年看ること<span class='word'>爛熟</span>す。,らんじゅく,①果実などが熟しすぎること。②物事が極限まで発達すること。
逞筆◆１,42,42,東海の彼方に<span class='word'>流謫</span>せらる。,るたく、りゅうたく,罪によって遠方へ流されること。遠流。
逞筆◆１,43,43,社会福祉の<span class='word'>均霑</span>化。,きんてん,均沾。利益や恩恵をみんながひとしく受けること。恩恵が均等にいきわたること。
逞筆◆１,44,44,<span class='word'>蜉蝣</span>の命を慈しむ。,ふゆう,かげろう。はかないもの、無力なものにたとえる。
逞筆◆１,45,45,薪を集め<span class='word'>炊爨</span>の準備にとりかかる。,すいさん,飯を炊くこと。また、食事の仕度をすること。
逞筆◆１,46,46,膵臓の管を<span class='word'>結紮</span>する。,けっさつ,糸などで結ぶこと。特に、止血などのために血管などを縛って結ぶこと。
逞筆◆１,47,47,<span class='word'>証憑</span>を湮滅する。,しょうひょう,ある事実を証明するよりどころ。根拠。証拠。証左。※湮滅（インメツ）＝隠滅。
逞筆◆１,48,48,眼前に<span class='word'>千仞</span>の崖が聳り立つ。,せんじん,千尋。山などが非常に高いこと。また、海や谷が非常に深いこと。
逞筆◆１,49,49,官吏を二十歳に<span class='word'>挂冠</span>した。,けいかん、かいかん,冠を脱いで柱などにかける意から、官を去り職を辞すること。
逞筆◆１,50,50,顔色<span class='word'>憔悴</span>し、形容枯槁せり。,しょうすい,心痛や病気のため、やせておとろえること。やつれること。
逞筆◆１,51,51,記念碑に詩句を<span class='word'>鏤刻</span>する。,ろうこく、るこく,①金属や木の表面に模様を彫りきざむこと。②文章などの技巧をこらすこと。
逞筆◆１,52,52,孤魂故城に翔り、<span class='word'>霊柩</span>京師に寄す。,れいきゅう,死者の亡骸を納めた棺。ひつぎ。
逞筆◆１,53,53,<span class='word'>騏驥</span>も一躍においては、十歩なること能わず。,きき,①よく走るすぐれた馬。駿馬。②すぐれた人物。※能わず（あたわず）
逞筆◆１,54,54,手甲<span class='word'>脚絆</span>を身に付ける。,きゃはん,脚半。昔、旅行や作業のとき、あしを守り動きやすくするためにすねに当てたり巻きつけたりした布。ゲートル。※手甲（てコウ、てっコウ）
逞筆◆１,55,55,治水の為の<span class='word'>浚渫</span>工事が行われる。,しゅんせつ,水底の泥をさらって深くすること。
逞筆◆１,56,56,師の遺訓を<span class='word'>服膺</span>する。,ふくよう,心にしっかりとどめて、片時も忘れないこと。
逞筆◆１,57,57,青天の<span class='word'>霹靂</span>のような出来事。,へきれき,①引き裂くような激しい雷。また、雷鳴。②激しい音が響くさま。
逞筆◆１,58,58,朝暾六合に<span class='word'>瀰漫</span>し明光を放つ。,びまん,弥漫。風潮などが広がりはびこること。
逞筆◆１,59,59,生豆を浅く<span class='word'>焙煎</span>する。,ばいせん,火で煎ること。特に、コーヒー豆や茶の葉を焙じて煎ること。
逞筆◆１,60,60,弱小国の領土を<span class='word'>蹂躪</span>する。,じゅうりん,権力や腕力で相手の権利などをふみにじること。
逞筆◆１,61,61,<span class='word'>刮目</span>に値する。,かつもく,目をこすってよく見ること。注意してよく見ること。注目すること。
逞筆◆１,62,62,敬服に値する<span class='word'>剴切</span>な考えである。,がいせつ,ぴたりとあうこと。適切なこと。
逞筆◆１,63,63,霊地を剽掠せんとする者を<span class='word'>膺懲</span>する。,ようちょう,外敵を征伐すること。討ちこらしめること。
逞筆◆１,64,64,腹をゆすって<span class='word'>哄笑</span>する。,こうしょう,大勢の人が大声で笑うこと。どよめき笑うこと。
逞筆◆１,65,65,非常に病弱で頻りに<span class='word'>喀血</span>する。,かっけつ,血をはくこと。特に肺や気管支の血をはくこと。
逞筆◆１,66,66,無辜の民が擾乱の廉で<span class='word'>縲絏</span>にかかる。,るいせつ,縲紲。罪人として獄に入れられること。縄目にかかること。
逞筆◆１,67,67,温顔<span class='word'>靄靄</span>として子を見る。,あいあい,藹藹。①靄や雲が集まり、たなびくさま。②打ちとけてなごやかな気分が満ちているさま。
逞筆◆１,68,68,咀嚼して<span class='word'>嚥下</span>する。,えんげ、えんか,咽下。のみこむこと。
逞筆◆１,69,69,<span class='word'>靉靆</span>にて眼を掩えば細字明らかなり。,あいたい,①雲がたなびいているさま。②雲が空をおおって暗いさま。③暗く陰気なさま。④老人の眼鏡のこと。
逞筆◆１,70,70,炉端にある古い<span class='word'>屛風</span>の絵。,びょうぶ、へいふう,室内に置いて風をさえぎったり、仕切りや装飾などに用いたりする道具。衝立。
逞筆◆１,71,71,疾呼の<span class='word'>譴責</span>に遭う。,けんせき,①あやまちや不正などをとがめ責めること。②かつて公務員の職務上の過失に対して与えられた懲戒処分の一つ。現在は戒告という。
逞筆◆１,72,72,敵軍の<span class='word'>旗幟</span>を燃やす。,きし,①昔、戦場で自分の存在をはっきりさせるために立てた、はたとのぼり。はたじるし。②態度。主義主張。
逞筆◆１,73,73,<span class='word'>恫喝</span>と懐柔を駆使した手口。,どうかつ,恫愒。おどして、怖がらせること。おどかし。脅迫。
逞筆◆１,74,74,顔に<span class='word'>危惧</span>の色が浮かぶ。,きぐ,心配し恐れること。気がかり。懸念、危懼。
逞筆◆１,75,75,陽光麗らかな<span class='word'>崑崙</span>の空。,こんろん,①中国西方の伝説上の霊山。仙女がすみ、美しい玉がとれたという。黄河の源とされた。崑山。②「崑崙山脈」の略。中国、チベット高原の北方を東西に走る大山脈。長江の源。クンルン山脈。
逞筆◆１,76,76,両者とも<span class='word'>鷸蚌</span>の争いで利を奪われた。,いつぼう,シギとハマグリ。または、シギとドブガイ。
逞筆◆１,77,77,度重なる躪藉に切歯<span class='word'>扼腕</span>した。,やくわん,搤腕。自分の腕をおさえて、悔しがったり意気込んだりすること。
逞筆◆１,78,78,<span class='word'>穹窿</span>に雲雀の囀りが響く。,きゅうりゅう,①大空。天空。②弓形または半球状のもの。アーチ形。円天井・ドームなどおもに建造物についていう。
逞筆◆１,79,79,意識が<span class='word'>朦朧</span>とする。,もうろう,①ぼんやりかすんで見えるさま。朧気に見えるさま。②確かでないさま。
逞筆◆１,80,80,老いてなお<span class='word'>矍鑠</span>としている。,かくしゃく,年をとっても心身ともに元気なさま。
逞筆◆１,81,81,旧弊が新たな発想の<span class='word'>桎梏</span>となる。,しっこく,①足かせと手かせ。②自由をさまたげるもの。束縛、拘束。
逞筆◆１,82,82,酷寒と<span class='word'>脚気</span>が身体を襲う。,かっけ,ビタミンB1の欠乏が原因で起こる病気。倦怠感や手足のしびれ、むくみなどを伴う。
逞筆◆１,83,83,放佚<span class='word'>奢侈</span>を尽くす。,しゃし,身分不相応なぜいたく。度を超えて金をつかうこと。
逞筆◆１,84,84,門前の<span class='word'>偃蹇</span>たる松の枝が見事だ。,えんけん,①高くそびえるさま。②おごりたかぶるさま。③世俗を超越していること。
逞筆◆１,85,85,<span class='word'>窈窕</span>たる淑女は、君子の好逑。,ようちょう,奥ゆかしく上品なさま。美しくしとやかなさま。※好逑（コウキュウ）＝よい連れ合い。
逞筆◆１,86,86,<span class='word'>肯綮</span>に中たった見解である。,こうけい,物事の急所。重要な点。
逞筆◆１,87,87,<span class='word'>巫覡</span>卜相の言に頼る。,ふげき,かんなぎの総称。祈禱をしたり舞を踊ったりして、神を招いて神の託宣を告げる人。
逞筆◆１,88,88,雨天により<span class='word'>急遽</span>中止となった。,きゅうきょ,大急ぎで。あわただしく。突然に物事をするようす。
逞筆◆１,89,89,電話口から<span class='word'>狒狒</span>旦那が喚いている。,ひひ,①オナガザル科の大形の猿の総称。アフリカにすむ。鼻口部が突出し、顔が赤く、性質は荒い。マントヒヒなど。②好色な、中年以上の男性のたとえ。
逞筆◆１,90,90,甲高い<span class='word'>喇叭</span>の音色が響く。,らっぱ,①金管楽器の総称。真鍮製で、一端に細い吹き口があり、もう一方の端が大きく開いている。トランペットなど。②大げさな話。ほら。
逞筆◆１,91,91,月を瞻仰し惆悵として<span class='word'>咨嗟</span>す。,しさ,①声を出して、なげくこと。嘆息すること。咨歎。②称賛すること。ほめること。
逞筆◆１,92,92,古い槧本の判読に<span class='word'>脳漿</span>を絞り尽くす。,のうしょう,①脳の外側や脳室内にある液。髄液。②知恵や頭脳。※槧本（ザンポン）＝版木で印刷した本。
逞筆◆１,93,93,<span class='word'>嚠喨</span>たる鐘声が響き渡った。,りゅうりょう,瀏亮。楽器の音などがさえわたるさま。
逞筆◆１,94,94,全国制覇に向けて勇往<span class='word'>邁進</span>する。,まいしん,勇敢に突き進むこと。邁往。
逞筆◆１,95,95,敵に<span class='word'>邀撃</span>された。,ようげき,攻めて来る敵を、むかえ討つこと。迎撃。
逞筆◆１,96,96,<span class='word'>蒟蒻</span>を千切って煮る。,こんにゃく、くじゃく,菎蒻。①サトイモ科の多年草。インドシナ原産で、食用に栽培。地下茎から太く長い葉柄を一本出し、羽状の葉をつける。地下茎は大きな球形。②上記の地下茎を粉にしたものを加工し、固めた食品。
逞筆◆１,97,97,<span class='word'>顰蹙</span>を買う行為を慎む。,ひんしゅく,顔をしかめて不快感を表すこと。
逞筆◆１,98,98,一日沙上に<span class='word'>徘徊</span>す。,はいかい,あてもなく歩き回ること。ふらつくこと。彷徨。
逞筆◆１,99,99,一億の値が付いた<span class='word'>稀覯</span>本。,きこう,希覯。めったに見られないこと。非常に珍しいこと。
逞筆◆１,100,100,温和<span class='word'>怜悧</span>で好奇心に富む。,れいり,伶俐、怜俐、伶悧。賢いこと。利口なこと。
逞筆◆１,101,101,<span class='word'>幽邃</span>なる山間に居を構えた。,ゆうすい,景色などが奥深く静かなこと。また、そのさま。
逞筆◆１,102,102,<span class='word'>惻隠</span>の心は仁の端なり。,そくいん,あわれみ心がいたむこと。
逞筆◆１,103,103,<span class='word'>綢繆</span>恋恋の情を断ち切れず苦悶した。,ちゅうびゅう,①巻きつくこと。もつれ合うこと。②結びしばること。
逞筆◆１,104,104,<span class='word'>慟哭</span>して柴荊に返る。,どうこく,ひどく悲しみ、大声をあげて泣くこと。
逞筆◆１,105,105,彼は門前に立ち<span class='word'>憮然</span>と呟いた。,ぶぜん,失望や不満でむなしい気持ちになるさま。がっかりしてぼんやりするさま。
逞筆◆１,106,106,両者に<span class='word'>截然</span>たる仕切りがある。,せつぜん,①区別がはっきりしたさま。②切り立っているさま。
逞筆◆１,107,107,仇敵の言が彼の襟懐を<span class='word'>攪拌</span>させた。,かくはん、こうはん,かきまわすこと。かきまぜること。
逞筆◆１,108,108,事情を<span class='word'>斟酌</span>する余地はある。,しんしゃく,①事情をくみとって、ほどよく処理すること。②条件を照らし合わせて、適当に処理すること。③遠慮すること。
逞筆◆１,109,109,理の<span class='word'>明晰</span>と語気の鋭さが文句に閃いている。,めいせき,筋道がとおっていて、はっきりしているさま。明白。
逞筆◆１,110,110,兄弟は<span class='word'>対蹠</span>的な性格である。,たいせき、たいしょ,あることについて正反対であること。
逞筆◆１,111,111,機動隊が<span class='word'>警邏</span>する。,けいら,非常事態に備えて見回りをすること。また、その人。パトロール。
逞筆◆１,112,112,<span class='word'>絨毯</span>を敷く。,じゅうたん,絨緞。毛織物の一種で、床に敷く物。カーペット。
逞筆◆１,113,113,涙<span class='word'>滂沱</span>として流る。,ぼうだ,①涙がとめどなく流れるさま。②雨が激しく降るさま。
逞筆◆１,114,114,挙動の<span class='word'>胡乱</span>な者たちだ。,うろん,あやしげで疑わしいこと。行動などが不審なさま。胡散臭いさま。
逞筆◆１,115,115,因果応報、天罰<span class='word'>覿面</span>。,てきめん,効果や報いが、すぐに現れるさま。
逞筆◆１,116,116,紙の端で指を切ったので<span class='word'>絆創膏</span>を貼った。,ばんそうこう,傷口を保護したり傷口につけたガーゼなどを固定したりする、粘着性のある布や紙。
逞筆◆１,117,117,老牛、<span class='word'>舐犢</span>の愛を懐く。,しとく,親牛が子牛を愛しなめてやること。転じて、親が子をかわいがること。※懐く（いだく）
逞筆◆１,118,118,明星<span class='word'>煌煌</span>たり。,こうこう,きらびやかにかがやくさま。きらきら光ること。
逞筆◆１,119,119,<span class='word'>邯鄲</span>の夢。,かんたん,①カンタン科の昆虫。山地にすむ。体は細長く、淡い黄緑色。②中国河北省の都市名。昔、都として栄えた。
逞筆◆１,120,120,<span class='word'>閘門</span>を開閉して水位を調節する。,こうもん,運河・河川などで、水量や水面の高さを調節するための水門。
逞筆◆１,121,121,大きな<span class='word'>牛蒡</span>の葉が茂っている。,ごぼう,キク科の二年草。ヨーロッパ・シベリア原産。葉はハート形で大きい。根は地中に垂直に長く伸びて、食用。
逞筆◆１,122,122,目的地は<span class='word'>咫尺</span>の間だ。,しせき,①きわめて近い距離。②貴人に間近で会うこと。③短いこと。簡単なこと。
逞筆◆１,123,123,船檣の帆には<span class='word'>髑髏</span>が描かれている。,どくろ、どくろう,風雨にさらされて肉が落ち、むきだしになった頭蓋骨。されこうべ。しゃれこうべ。
逞筆◆１,124,124,老い曝えた<span class='word'>耄碌</span>の老人。,もうろく,年をとって心身のはたらきが鈍くなること。おいぼれること。
逞筆◆１,125,125,容姿<span class='word'>嬋娟</span>とした女性である。,せんけん、せんえん,嬋姸。あでやかで美しいさま。なよなよとして美しいさま。
逞筆◆１,126,126,<span class='word'>舳艫</span>千里、旌旗空を蔽う。,じくろ,船首と船尾。へさきととも。
逞筆◆１,127,127,未踏の<span class='word'>島嶼</span>を調査する。,とうしょ,島。また、大小の島々。
逞筆◆１,128,128,人質に罪の<span class='word'>幫助</span>を強制する。,ほうじょ,①力を添えて助けること。②他人の違法な行為の実行を助ける行為。従犯。
逞筆◆１,129,129,<span class='word'>微恙</span>のため休暇をとる。,びよう,軽い病気。気分が少しすぐれないこと。
逞筆◆１,130,130,<span class='word'>悋気</span>は恋の命。,りんき,男女間のやきもち。嫉妬、悋惜。
逞筆◆１,131,131,猿臂を伸ばせる者、<span class='word'>蹲踞</span>して煙草を吹く者。,そんきょ,①相撲や剣道で、相対して礼をするときの姿勢。つま先立ちのまま腰をおろし、ひざを開いて姿勢を正した形。②うずくまること。しゃがむこと。
逞筆◆１,132,132,中世<span class='word'>縉紳</span>の佚居の風を素描する。,しんしん,官位・身分の高い人。転じて、紳士。
逞筆◆１,133,133,往時を<span class='word'>髣髴</span>させる。,ほうふつ,彷彿。①よく似ていること。ありありと思い出すこと。②ぼんやりと見えること。
逞筆◆１,134,134,罪業を<span class='word'>懺悔</span>し天地に跼蹐す。,ざんげ、さんげ,過去に犯した罪を後悔して、神や人に告白すること。
逞筆◆１,135,135,夙に起きて<span class='word'>看経</span>す。,かんきん,①声を出さずに、経文を読むこと。②声を出して経を読むこと。読経、誦経。
逞筆◆１,136,136,<span class='word'>豌豆</span>の茎を撮んで口に入れる。,えんどう,マメ科の二年草。葉は羽状複葉で、先端は巻きひげとなる。若いさやと種子は食用。エンドウマメ。
逞筆◆１,137,137,外で称讃し、内で<span class='word'>揶揄</span>する。,やゆ,からかうこと。ばかにして笑うこと。
逞筆◆１,138,138,本心常に<span class='word'>韜晦</span>して明らかにせず。,とうかい,才能・地位・形跡などをつつみ隠すこと。他人の目をくらまし、わからないようにすること。
逞筆◆１,139,139,水に臨んで<span class='word'>蝦蟇</span>に擲つ。,がま,ヒキガエル。
逞筆◆１,140,140,智慧と理窟が<span class='word'>内訌</span>する。,ないこう,内部でもめること。うちわもめ。内紛。
逞筆◆１,141,141,何者かに<span class='word'>拉致</span>された。,らち、らっち,いやがる人を無理に連れ去ること。無理に引き連れること。
逞筆◆１,142,142,闖賊は勢い益々<span class='word'>猖獗</span>になり、軈て都も危うし。,しょうけつ,猖蹶。①悪いものが激しい勢いではびこるさま。猛威をふるうこと。②激しくくつがえること。荒れて失敗すること。
逞筆◆１,143,143,殿様の<span class='word'>耳朶</span>に触れる。,じだ,①みみたぶ。②みみ。聴覚・平衡感覚をつかさどる器官。
逞筆◆１,144,144,人里離れた<span class='word'>辺鄙</span>な土地。,へんぴ,都会から遠く離れ、開けていない不便な土地。かたいなか。辺地、辺土、辺陬。
逞筆◆１,145,145,抹香嘗めた<span class='word'>閻魔</span>のよう。,えんま,死者の生前の罪を裁き、罰するという地獄の王。閻魔大王。
逞筆◆１,146,146,連環の<span class='word'>艨艟</span>は悉く舵を曲げた。,もうどう,いくさぶね。敵の船に突き当たって壊す、頑丈なつくりの軍用船。
逞筆◆１,147,147,<span class='word'>剽軽</span>な動作が笑いを誘う。,ひょうきん,明るく滑稽なさま。また、その言動や人。
逞筆◆１,148,148,酷く<span class='word'>酩酊</span>して蹌蹌踉踉たる足運びである。,めいてい,酒を飲んでひどく酔うこと。大酔、泥酔。
逞筆◆１,149,149,<span class='word'>怪訝</span>な顔をするな。,けげん、かいが,理由・事情がわからず合点がいかないこと。あやしみ、いぶかしく思うこと。
逞筆◆１,150,150,今の少年は不遜なり<span class='word'>軽躁</span>なり。,けいそう,軽はずみに騒ぐこと。考えがあさはかなこと。
逞筆◆１,151,151,舞台の<span class='word'>緞帳</span>が下りる。,どんちょう,①刺繡で模様をあしらった厚地の布。仕切りなどに用いる。②劇場で、巻いて上げ下ろしする厚地の幕。
逞筆◆１,152,152,<span class='word'>眈眈</span>としてあたりを睨め廻す。,たんたん,鋭い目つきでねらい見るさま。すきあらばとねらうさま。
逞筆◆１,153,153,生真面目で<span class='word'>朴訥</span>な人柄。,ぼくとつ,木訥。口数が少なく飾り気のないこと。
逞筆◆１,154,154,瑠璃も<span class='word'>玻璃</span>も照らせば光る。,はり,①仏七宝の一つ。水晶。梵語の音訳による語。②ガラスの別称。
逞筆◆１,155,155,少しも<span class='word'>躊躇</span>の色を示さない。,ちゅうちょ,決心がつかず迷うこと。ぐずぐずと、ためらうこと。
逞筆◆１,156,156,柄杓半杯の湯を入れ<span class='word'>茶筅</span>で攪拌する。,ちゃせん,茶筌。①抹茶に湯を注ぎ、かき回して茶をたてる竹製の道具。②「茶筅髪」の略。後ろに束ねてひもで結び、先を茶筅のようにした髪の結い方。
逞筆◆１,157,157,狭隘なる者は<span class='word'>粗鬆</span>なる筆を走らす。,そしょう、そそう,おおざっぱであらいこと。きめがあらく、ざらざらしていること。
逞筆◆１,158,158,<span class='word'>琥珀</span>は腐芥を取らず。,こはく,①地質時代の樹脂が地中で化石になったもの。ふつうは黄褐色で透明。装飾品に用いる。②「琥珀織」の略。平織で横にうねを表した絹織物。着物の帯などに用いる。
逞筆◆１,159,159,<span class='word'>嘖嘖</span>たる名声を博した。,さくさく,人々が口々に言いはやすさま。しきりに言うさま。
逞筆◆１,160,160,<span class='word'>迂闊</span>にも口を滑らす。,うかつ,注意力が足らずに、うっかりしているさま。
逞筆◆１,161,161,全くもって<span class='word'>不埒</span>千万である。,ふらち,具人の道や法にはずれること。不届き。
逞筆◆１,162,162,<span class='word'>蛇蠍</span>の如く忌み嫌う。,だかつ、じゃかつ,蛇蝎。ヘビとサソリ。人がひどく恐れ、嫌うもののたとえ。
逞筆◆１,163,163,<span class='word'>貘</span>の絵を描いてお守りにする。,ばく,獏。①奇蹄目バク科の哺乳類の総称。森林や水辺のやぶにすみ、草食性で、水に入って敵から逃れる。②中国の想像上の動物。人の悪夢を食うといわれ、その皮を敷いて寝ると邪気を避けるという。
逞筆◆１,164,164,今も昔も自由<span class='word'>闊達</span>な校風である。,かったつ,豁達。心が広く、物事にこだわらないようす。
逞筆◆１,165,165,余韻<span class='word'>嫋嫋</span>として絶えざること縷のごとし。,じょうじょう,①しなやかなさま。②風がそよそよと吹くようす。③音声が細く長く続くさま。
逞筆◆１,166,166,やまあらしは<span class='word'>齧歯</span>類に属する。,げっし,齧歯類＝齧歯目の哺乳動物の総称。ネズミ・ウサギ・リスなど犬歯をもたず前歯（門歯）の発達したものの分類名。
逞筆◆１,167,167,我が家には<span class='word'>獏</span>の絵が飾ってある。,ばく,貘。①奇蹄目バク科の哺乳類の総称。森林や水辺のやぶにすみ、草食性で、水に入って敵から逃れる。②中国の想像上の動物。人の悪夢を食うといわれ、その皮を敷いて寝ると邪気を避けるという。
逞筆◆１,168,168,<span class='word'>睚眥</span>の怨みも必ず報ゆ。,がいさい、がいし,ちょっとにらむこと。憎らしそうににらむこと。
逞筆◆１,169,169,<span class='word'>恍惚</span>の域に逍遥する。,こうこつ,①うっとりして我を忘れるさま。恍然。②頭のはたらきが鈍って判断力や理解力が劣るさま。特に、老年になってぼけた状態にいう。
逞筆◆１,170,170,鮑は<span class='word'>蠕動</span>運動によって移動する。,ぜんどう,①うごめくこと。虫が動くこと。蠢動。②筋肉が収縮してできる波が徐々に動いていく運動。消化器官などに見られる。
逞筆◆１,171,171,仏像の<span class='word'>瓔珞</span>が燭光に煌めく。,ようらく,宝石を連ねて仏像の頭・首・胸などを飾るもの。寺院内の天蓋の装飾にも用いる。
逞筆◆１,172,172,梵刹に祈る<span class='word'>阿闍梨</span>、威容を漂わす。,あじゃり、あざり,①徳が高く、弟子を教え導くことのできる僧。②天台宗・真言宗での僧の位。※梵刹（ボンセツ・ボンサツ）＝寺。
逞筆◆１,173,173,町の人々から<span class='word'>慫慂</span>されて会長になる。,しょうよう,そばから誘いすすめること。また、すすめそそのかすこと。
逞筆◆１,174,174,心の<span class='word'>懊悩</span>を愬える友を持つ。,おうのう,心の底で、悩みもだえること。煩悶。苦悩。
逞筆◆１,175,175,該博な知識を持ち、<span class='word'>端倪</span>すべからざる才人である。,たんげい,①物事のはじめと終わり。②物事のなりゆきをおしはかること。推測すること。
逞筆◆１,176,176,大きな<span class='word'>琺琅</span>の鍋で煮込む。,ほうろう,金属器や陶磁器の表面に、さび止めや飾りとして焼き付ける釉。また、焼きつけたもの。瀬戸引き・七宝焼など。
逞筆◆１,177,177,<span class='word'>蕁麻疹</span>が発症する。,じんましん,皮膚がかゆくなり、一時的に赤くはれあがる急性の皮膚病。アレルギーが原因で起こる。
逞筆◆１,178,178,戎馬<span class='word'>倥偬</span>の間に身をおく。,こうそう,あわただしいさま。いそがしいさま。せわしないさま。
逞筆◆１,179,179,鬢に<span class='word'>瑇瑁</span>の筓を挿す。,たいまい,ウミガメ科のカメ。熱帯・亜熱帯の海にすむ。甲羅の長さは約一メートル。甲羅を鼈甲細工の材料にする。
逞筆◆１,180,180,立てば<span class='word'>芍薬</span>座れば牡丹歩く姿は百合の花。,しゃくやく,キンポウゲ科の多年草。アジア北東部原産。初夏、茎頂にボタンに似た大形で美しい紅・白色の花を開く。観賞用。根は薬用。
逞筆◆１,181,181,<span class='word'>昇汞</span>水を用いて消毒した。,しょうこう,塩化第二水銀の別称。無色透明で針状の結晶。猛毒。染色・消毒・写真材料などに用いる。
逞筆◆１,182,182,関東一円を<span class='word'>睥睨</span>していた。,へいげい,俾倪。①横目でにらむこと。流し目で見ること。②城壁のくぼみから敵情をのぞき見ること。転じて、周囲をにらみつけて勢いを示すこと。
逞筆◆１,183,183,親戚から慶事の<span class='word'>招聘</span>状を貰った。,しょうへい,礼をつくして、丁重にまねくこと。
逞筆◆１,184,184,しばらく都門<span class='word'>熱鬧</span>の地を離れた。,ねっとう、ねつどう,多数の人で混雑し、騒がしいこと。
逞筆◆１,185,185,一級過去問題集は<span class='word'>垂涎</span>の資料である。,すいぜん、すいせん、すいえん,①食べたくてよだれをたらすこと。②非常にほしがること。
逞筆◆１,186,186,見知らぬ者が<span class='word'>闖入</span>してきた。,ちんにゅう,突然、無断で入りこんでくること。
逞筆◆１,187,187,目が<span class='word'>瑪瑙</span>のような硬い光を放っている。,めのう,石英などの結晶の混合物。紅・緑・白などの美しいしま模様があり、装飾品などに用いられる。
逞筆◆１,188,188,両者に<span class='word'>軋轢</span>が生じる。,あつれき,関係が悪くなること。仲がこじれること。不和。
逞筆◆１,189,189,凡そ民に喪有れば、<span class='word'>匍匐</span>してこれを救ふ。,ほふく,腹ばうこと。また、腹ばいになって進むこと。
逞筆◆１,190,190,事態は<span class='word'>闡明</span>になった。,せんめい,はっきりしない道理などを明らかにすること。
逞筆◆１,191,191,猛る百獣の<span class='word'>咆哮</span>。,ほうこう,猛獣などが、たけりほえること。また、その声。
逞筆◆１,192,192,黙然として<span class='word'>罵詈</span>讒謗を浴びる。,ばり,ののしること。悪口を言うこと。
逞筆◆１,193,193,他人を<span class='word'>指嗾</span>して騒動を喚起せり。,しそう,使嗾。人をそそのかすこと。けしかけること。教唆。
逞筆◆１,194,194,<span class='word'>開闢</span>以来の出来事。,かいびゃく,①天地が開いた始まり。この世の始まり。創世。②物事の始まり。
逞筆◆１,195,195,<span class='word'>屹度</span>次はいけるさ。,きっと,急度。①必ず。確かに。②きびしく。きっぱりと。表情に強い感情を表すさま。
逞筆◆１,196,196,愚政に対して<span class='word'>瞋恚</span>の炎を燃やす。,しんい、しんに,嗔恚。①はげしく怒ること。瞋怒。②貪欲・愚痴とともに三毒の一つ。自分の心に反するものをはげしく怒り、恨むこと。
逞筆◆１,197,197,ある<span class='word'>箏曲</span>家の次男として生まれる。,そうきょく,ことを演奏する楽曲。ことで伴奏する声楽曲と、ことと他の楽曲とを合わせた器楽曲がある。
逞筆◆１,198,198,江戸の町を<span class='word'>彷徨</span>する。,ほうこう,あてもなくさまよい歩くこと。
逞筆◆１,199,199,虫害や<span class='word'>旱魃</span>に因る被害が甚大である。,かんばつ,干魃。長い期間雨が降らず、水がかれてしまうこと。ひでり。干天。
逞筆◆１,200,200,<span class='word'>捏造</span>記事を摘発された。,ねつぞう、でつぞう,事実でないことを事実らしく作ること。
逞筆◆１,201,201,<span class='word'>微醺</span>を帯びた赭ら顔。,びくん,少し酒に酔うこと。ほろよい。微酔。
逞筆◆１,202,202,憐憫の念から自己<span class='word'>欺瞞</span>に陥る。,ぎまん,あざむき、だますこと。瞞着。
逞筆◆１,203,203,朝廷に奏上せり、諸侯に<span class='word'>諮詢</span>せり。,しじゅん,咨詢。①相談すること。とうこと。②他の機関の意見を求め、参考にすること。
逞筆◆１,204,204,水際に<span class='word'>欸乃</span>の声を聴く。,あいだい、あいない,靄迺。①船頭のかけ声。また、櫓のきしむ音。②舟歌。③きこりの歌。
逞筆◆１,205,205,山には魑魅、水には<span class='word'>魍魎</span>。,もうりょう,古代中国の山の霊気や木石の精。すだま。
逞筆◆１,206,206,<span class='word'>涅槃</span>に達する。,ねはん,①いっさいの煩悩を滅却した、不生不滅の悟りの境地。②死ぬこと。特に、釈迦の死。入滅。
逞筆◆１,207,207,<span class='word'>玲瓏</span>たる美声で歌いはじめた。,れいろう,玲琅。①玉のように輝くさま。美しくすきとおるさま。②金属や玉が触れ合って澄んだ音で鳴るさま。また、そのような人の声のたとえ。
逞筆◆１,208,208,雨水を<span class='word'>濾過</span>して飲料水にする。,ろか,液体や気体をこして、固形の不純物を取り除くこと。
逞筆◆１,209,209,<span class='word'>饂飩</span>一枚笊に盛る。,うどん、うんどん,小麦粉をこねて薄くのばし、細く切ったものをゆでた食品。
逞筆◆１,210,210,この災禍、<span class='word'>魑魅</span>の戯れか。,ちみ,①「魑（すだま）」に同じ。②人間の顔をした化け物。山の神。
逞筆◆１,211,211,<span class='word'>囂囂</span>たる輿論は大雷雨の如し。,ごうごう,人々が騒ぐさま。また、声や音がやかましいさま。
逞筆◆１,212,212,<span class='word'>呱呱</span>の声を上げる。,ここ,乳飲み子の泣く声。
逞筆◆１,213,213,辛うじて<span class='word'>余喘</span>を保つ。,よぜん,今にも絶えそうなかすかな息。虫の息。
逞筆◆１,214,214,<span class='word'>傀儡</span>政権は間もなく転覆した。,かいらい,①「傀儡（くぐつ）」に同じ。②他人に操られる者。
逞筆◆１,215,215,<span class='word'>放埒</span>な行動をとる。,ほうらつ,①「放逸」に同じ。放縦。②酒や色欲にふけること。放蕩。
逞筆◆１,216,216,帰国する人の気持ちを<span class='word'>忖度</span>する。,そんたく,他人の気持ち・考えを、そっと推し量る。
逞筆◆１,217,217,<span class='word'>輓近</span>の世界情勢から目が離せない。,ばんきん,①近ごろ。近年。②古代に対して、最近の世。
逞筆◆１,218,218,忿懣遣る方無い弁駁は明らかな<span class='word'>齟齬</span>であった。,そご,物事がくいちがうこと。行きちがい。
逞筆◆１,219,219,<span class='word'>齠齔</span>にして法学に長ける。,ちょうしん,髫齔。ぬけかわりかけている乳歯。7、8歳の年ごろのこと。また、その頃の子ども。
逞筆◆１,220,220,雪嵐が見る見る<span class='word'>輜重</span>を埋没した。,しちょう,①軍隊の荷物。食糧・武器など。②旅行者の荷物。また、荷物を運ぶ車。
逞筆◆１,221,221,甘味屋で<span class='word'>餡蜜</span>を頂く。,あんみつ,蜜豆の上に餡をのせたもの。
逞筆◆１,222,222,それは<span class='word'>贔屭</span>の引き倒しである。,ひいき、ひき,贔負。気に入ったものに特別に目をかけて、力添えをすること。好意を寄せて、後援すること。また、その後援者。
逞筆◆１,223,223,啜泣は波打つ<span class='word'>歔欷</span>へと変わった。,きょき,噓唏。すすり泣くこと。むせび泣き。
逞筆◆１,224,224,<span class='word'>貪婪</span>な金銭欲。,たんらん、どんらん、とんらん,非常に欲が深いこと。貪欲。
逞筆◆１,225,225,奉仕活動によって<span class='word'>贖罪</span>する。,しょくざい,①金品を出して罪を免れること。②罪ほろぼしをすること。③キリスト教の教義の一つ。キリストが十字架にかかり、人々の罪をあがなったこと。
逞筆◆１,226,226,和服に<span class='word'>繻子</span>の帯。,しゅす,朱子。「繻子織」の略。縦糸を長く浮かせた、光沢のある地の厚い織物。多く、帯地に用いる。サテン。
逞筆◆１,227,227,二年間、終始<span class='word'>齷齪</span>していた。,あくせく、あくそく,偓促。心にゆとりをもてず、目先のことだけに追われてせわしなく物事を行うさま。
逞筆◆１,228,228,<span class='word'>焙烙</span>で豆を炒る。,ほうろく、ほうらく,素焼きの平たい土鍋。
逞筆◆１,229,229,<span class='word'>衲衣</span>と袈裟を着ている半身像。,のうえ,①僧衣。衲袈裟。②僧侶、特に、禅宗の僧。
逞筆◆１,230,230,万一の<span class='word'>僥倖</span>を願う。,ぎょうこう,思いがけない幸運。こぼれざいわい。
逞筆◆１,231,231,<span class='word'>齲歯</span>の孫娘笑わんとして成さず。,うし、くし,虫歯。
逞筆◆１,232,232,<span class='word'>啖呵</span>を切る。,たんか,①威勢よく、歯切れのよい言葉。②香具師などが品物を売るときの口上。
逞筆◆１,233,233,雑務が<span class='word'>輻輳</span>する。,ふくそう,輻湊。いろいろな場所から物事が一か所に寄り集まること。混み合うこと。
逞筆◆１,234,234,子どもたちが公園で和気<span class='word'>藹藹</span>と遊んでいる。,あいあい,靄靄。①なごやかなさま。②草木が盛んに茂るさま。盛んなさま。
逞筆◆１,235,235,些細な釁端から<span class='word'>刃傷</span>沙汰に及んだ。,にんじょう,刃傷沙汰＝刃物で人を傷つけるような争いや、騒ぎ。
逞筆◆１,236,236,華容<span class='word'>婀娜</span>として、我をして餐を忘れしむ。,あだ,美しくしとやかなさま。また、女性の粋で色っぽいさま。
逞筆◆１,237,237,彼の欲は耿耿として<span class='word'>須臾</span>も熄まず。,しゅゆ、すゆ,しばらく。少しの間。寸刻。※熄む（や-む）
逞筆◆１,238,238,皓白たる<span class='word'>襦袢</span>姿。,じゅばん、じばん,和服用の下着。肌着。肌襦袢・長襦袢など。
逞筆◆１,239,239,父の面影を<span class='word'>彷彿</span>とさせた。,ほうふつ,髣髴。①よく似ているさま。はっきりと思い浮かぶさま。②姿や形などが、ぼんやりと見えるさま。
逞筆◆１,240,240,公爵を<span class='word'>誣告</span>した罪を咎める。,ぶこく,他人を陥れるため、故意に偽った事実を告げること。
逞筆◆１,241,241,<span class='word'>轆轤</span>を回転させて食器を作る。,ろくろ,①「轆轤台」の略。木製の回転する台で、陶器を作るのに用いる。②物を引き寄せたり、つるしあげたりするのに使う滑車。井戸水のくみ上げなどに用いる。③傘の柄の上部にある、骨の集まった開閉の装置。
逞筆◆１,242,242,人を喰ったような<span class='word'>慇懃</span>無礼な文章。,いんぎん,①ねんごろなこと。礼儀正しくていねいなこと。②うれえいたむさま。③よしみ。特に、男女の思慕の情。
逞筆◆１,243,243,暮し向きの<span class='word'>慳貪</span>な男。,けんどん,①非常にけちで欲が深いこと。②思いやりがなく無愛想なこと。つっけんどん。邪慳。
逞筆◆１,244,244,京都で薯蕷<span class='word'>饅頭</span>を頂く。,まんじゅう,小麦粉などをこねて作った皮の中に、あんや肉などを入れて蒸した食べ物。※薯蕷（ジョウヨ、とろろ）
逞筆◆１,245,245,不平が社会に<span class='word'>胚胎</span>した。,はいたい,①身ごもること。②物事の起こる原因が生じること。きざし。
逞筆◆１,246,246,いつか<span class='word'>懈怠</span>来て腐儒となり果てり。,けたい、けだい、かいたい,①心がゆるんでおこたること。なまけること。懈惰。怠懈。②仏教で修行をおこたること。
逞筆◆１,247,247,彼女の伎倆は進み<span class='word'>儕輩</span>を擢んでる。,せいはい、さいはい,同じ仲間。ともがら。同類。同輩。
逞筆◆１,248,248,荒怠相誡め、<span class='word'>自彊</span>息まざるべし。,じきょう,自分から進んで努力し励むこと。休まずに努めること。※息まず（や-まず）
逞筆◆１,249,249,天から<span class='word'>隕石</span>が落ちてくるかのよう。,いんせき,流星が大気中で燃え切らず、地球上に落ちてきたもの。
逞筆◆１,250,250,<span class='word'>膀胱</span>の緊張が限界に達する。,ぼうこう,脊椎動物の排泄器官。腎臓より送られてくる尿を、一時的にためておく臓器。
逞筆◆１,251,251,<span class='word'>螺鈿</span>細工の上等な文箱。,らでん,螺甸。漆工芸の技法の一つ。オウムガイやアコヤガイなどの殻から真珠光を放つ部分を切り取った薄片を物の表面に埋めこみ、装飾とするもの。※文箱（ふばこ）
逞筆◆１,252,252,<span class='word'>鰥寡</span>孤独を愍れみ救う。,かんか,矜寡。妻を失った男と夫を失った女。
逞筆◆１,253,253,<span class='word'>無辜</span>の学問に弾圧があった。,むこ,罪がないこと。また、その人。無罪。
逞筆◆１,254,254,他人の<span class='word'>疝気</span>を頭痛に病む。,せんき,漢方で、下腹部や腰の筋肉が引きつり痛む病気の総称。疝病。
逞筆◆１,255,255,武事に文事に<span class='word'>切磋</span>琢磨する。,せっさ,切瑳。学問に励み徳義を磨くこと。努力を重ねること。
逞筆◆１,256,256,彼の付和雷同ぶりには殆<span class='word'>辟易</span>している。,へきえき,①勢いや困難に押されて立ちのいたり、しりごみしたりすること。②手におえなくて困ること。閉口。
逞筆◆１,257,257,弁士は聴衆の前で<span class='word'>獅子吼</span>した。,ししく,①熱弁をふるうこと。大演説。②悪魔や外道をも恐れ伏せさせたという、獅子がほえるような釈迦の説法。
逞筆◆１,258,258,<span class='word'>茗荷</span>の餅を仏壇に供える。,みょうが,ショウガ科の多年草。熱帯アジア原産で、暖地の山林に野生化。また、栽培もする。夏、根元から淡赤褐色の苞に包まれた花穂を出し淡黄色の花が咲く。若い花穂と若芽は食用。メガ。
逞筆◆１,259,259,良心の<span class='word'>呵責</span>に苦しむ。,かしゃく,きびしくとがめること。責めて苦しめること。
逞筆◆１,260,260,千人の諾諾は、一士の<span class='word'>諤諤</span>に如かず。,がくがく,正しいと思うことを遠慮せずに述べるさま。直言するさま。
逞筆◆１,261,261,二人は<span class='word'>伉儷</span>の約を結んだ。,こうれい,夫婦。伴侶。つれあい。配偶者。
逞筆◆１,262,262,至尊の<span class='word'>忌諱</span>に触れる。,きき、きい,いみ嫌うこと。おそれ嫌うこと。
逞筆◆１,263,263,厳しい詮議立てに<span class='word'>放屁</span>で返答する。,ほうひ,屁を放つこと。おならをすること。
逞筆◆１,264,264,気散じに<span class='word'>諧謔</span>の一句を詠む。,かいぎゃく,ちょっとした冗談。おどけ。しゃれ。ユーモア。おどけた話や言葉。
逞筆◆１,265,265,やっとの思いで錠剤を<span class='word'>咽下</span>した。,えんげ、えんか,嚥下。のみこむこと。
逞筆◆１,266,266,<span class='word'>執拗</span>に自説を張り上げる。,しつよう,①意地を張り、自分の考えをあくまで通そうとするさま。②しつこいさま。
逞筆◆１,267,267,歌舞伎界の<span class='word'>巨擘</span>と称えられる。,きょはく,①親指。②集団の中で、特に目立ってすぐれた人。かしらの人。
逞筆◆１,268,268,世相を<span class='word'>諷刺</span>する。,ふうし,風刺。それとなく皮肉ること。特に、社会や人物の欠点や罪悪などを、遠回しにおもしろく批評すること。
逞筆◆１,269,269,<span class='word'>鴃舌</span>の人、先王の道を非とす。,げきぜつ,モズの鳴き声の意から、意味が分からないために、ただやかましく聞こえる外国の言葉。
逞筆◆１,270,270,街中で旧師と<span class='word'>邂逅</span>する。,かいこう,思いがけず出あうこと。運命的な出あい。めぐりあい。
逞筆◆１,271,271,元気<span class='word'>潑溂</span>たる青年。,はつらつ,潑剌。生き生きとして、元気のよいさま。活発。
逞筆◆１,272,272,<span class='word'>洒脱</span>な風格。,しゃだつ,灑脱。さっぱりしていて俗気がないこと。洒落。
逞筆◆１,273,273,重い<span class='word'>疱瘡</span>に罹る。,ほうそう,皰瘡。天然痘の別称。高熱を発し、赤い発疹ができて痕を残す感染症。病原体はウイルス。もがさ。痘瘡。
逞筆◆１,274,274,改革の気運が<span class='word'>澎湃</span>として起こった。,ほうはい,彭湃、滂湃。①水の勢いが盛んなさま。②物事が盛んに起こるさま。
逞筆◆１,275,275,名匠の手捌きに<span class='word'>瞠目</span>する。,どうもく,感心や驚きのあまり、目を見張ること。
逞筆◆１,276,276,臣は君の<span class='word'>猜疑</span>心の強さを知悉している。,さいぎ,人の行いなどを素直に受け取れず、ねたんだり、うたがったりすること。
逞筆◆１,277,277,真夏の如き<span class='word'>溽暑</span>が続く。,じょくしょ,①むし暑いこと。②陰暦六月の異名。
逞筆◆１,278,278,最後<span class='word'>通牒</span>を発する。,つうちょう,①書面で通知すること。また、その書面。②通達の旧称。③国際法上、一方的に国家の態度・政策などを相手国に通知する文書。
逞筆◆１,279,279,長兄の警句を<span class='word'>咀嚼</span>する。,そしゃく,①食べ物をかみくだくこと。②物事や文章などを深く味わい理解すること。
逞筆◆１,280,280,曩祖より紡がれる<span class='word'>煩瑣</span>な系図。,はんさ,こまごまとしていて、わずらわしいさま。
逞筆◆１,281,281,曠野の<span class='word'>落暉</span>に騏驥は駛せる。,らっき,沈みかけている太陽。夕日。入り日。落陽。
逞筆◆１,282,282,<span class='word'>狡猾</span>たる籌筴の成功に北叟笑む。,こうかつ,狡黠、佼黠、巧黠。ずるがしこくて悪知恵がはたらくさま。
逞筆◆１,283,283,この方とは<span class='word'>昵懇</span>の間柄です。,じっこん,入魂。親しくつき合うさま。こころやすいこと。懇意。
逞筆◆１,284,284,他人事に<span class='word'>容喙</span>するものではない。,ようかい,横合いから口を出すこと。さしでぐち。
逞筆◆１,285,285,能く成すには<span class='word'>先蹤</span>を肄うべし。,せんしょう,先人の行った事業の跡。
逞筆◆１,286,286,俳聖に<span class='word'>親炙</span>して弟子となった。,しんしゃ、しんせき,その人に親しく接して影響を受け、感化されること。
逞筆◆１,287,287,大宰府への下向は官位<span class='word'>褫奪</span>に等しい。,ちだつ,衣服をはぎ取ること。また、官位や権利などを取り上げること。
逞筆◆１,288,288,<span class='word'>逆睹</span>しがたい形勢である。,ぎゃくと、げきと,逆覩。あらかじめ見通しをつけること。
逞筆◆１,289,289,金属製の<span class='word'>艤装</span>を施す。,ぎそう,船の完成後、航海に必要な装備を取り付けて就航の準備をすること。また、その装備。ふなよそい。船装。
逞筆◆１,290,290,春寒<span class='word'>料峭</span>の候に発つ。,りょうしょう,風が肌寒く感じられること。
逞筆◆１,291,291,愈愈<span class='word'>啓蟄</span>の候を迎える。,けいちつ,二十四節気の一つ。三月五、六日ころ。
逞筆◆１,292,292,<span class='word'>敬虔</span>の意を以て福音を説く。,けいけん,うやまい深くつつしむこと。特に、神仏にうやまい仕えるさまにいうことが多い。
逞筆◆１,293,293,<span class='word'>肇国</span>の記念日を休みとする。,ちょうこく,はじめて国を建てること。国を興すこと。
逞筆◆１,294,294,官僚間の繁文<span class='word'>縟礼</span>に縛られる。,じょくれい,こまごまとわずらわしい礼儀作法。
逞筆◆１,295,295,<span class='word'>麾下</span>の将兵数万に達する。,きか,旗下。大将の直属の部下。将軍直属の家来。
逞筆◆１,296,296,この<span class='word'>黎明</span>を齎した英傑。,れいめい,①夜明け。明け方。②夜明けにあたる、物事が始まる時期のたとえ。また、新しい時代や文化・芸術などの始まり。
逞筆◆１,297,297,疑懼の念が<span class='word'>蠢動</span>する。,しゅんどう,①虫がうごめくこと。②つまらないものが騒ぎ動くこと。
逞筆◆１,298,298,洋風の<span class='word'>瀟洒</span>な家に住んでいる。,しょうしゃ,瀟灑。すっきりとして洗練されているようす。
逞筆◆１,299,299,天譴<span class='word'>天誅</span>の下に泰平在り。,てんちゅう,①天が下す罰。②天に代わって悪人の罪を責め、罰を加えること。また、その罰。
逞筆◆１,300,300,伯曰わく、<span class='word'>猥褻</span>は憂き世に必要である。,わいせつ,みだらなこと。性に関するいやらしいこと。
逞筆◆１,301,301,その瞳睛に王位<span class='word'>篡奪</span>の意を巡らしている。,さんだつ,君主を滅ぼして地位や権力を手に入れること。
逞筆◆１,302,302,洋上に<span class='word'>対峙</span>するは百艘の艨艟。,たいじ,①山などが競い合うようにそびえ立っていること。②対立する二つの勢力が、にらみ合っていること。
逞筆◆１,303,303,夜叉王が<span class='word'>眷属</span>を従えてやってくる。,けんぞく,眷族。①血のつながりがある者。身内。一族。親族。②目をかけている者。家来。手下。
逞筆◆１,304,304,恩師の忠告を<span class='word'>反芻</span>する。,はんすう,①ウシ・ヒツジ・ラクダなどが、一度飲みこんだ食物を、また、口に戻してかむこと。②言葉の意味などをくり返し考えたり味わったりすること。
逞筆◆１,305,305,密航中の貨物船を<span class='word'>拿捕</span>する。,だほ,とらえること。特に、軍艦などが領海を侵犯した外国の船舶をとらえること。
逞筆◆１,306,306,唐草模様の<span class='word'>袱紗</span>に漆器を包む。,ふくさ,服紗、帛紗。①絹などの小形のふろしき。進物などの上に掛ける。②茶の湯で、茶器をふいたり茶碗を受けたりするのに使う絹布。
逞筆◆１,307,307,身の丈程の<span class='word'>棍棒</span>を振回す膂力。,こんぼう,①丸い木の棒。②体操競技で使用する、とっくり形の木の棒。インディアンクラブ。
逞筆◆１,308,308,新聞の批評に<span class='word'>反駁</span>を加える。,はんばく,他人の批判や攻撃に対して、論じかえすこと。
逞筆◆１,309,309,<span class='word'>登攀</span>技術が高い。,とうはん、とはん,高山や岩崖などをよじのぼること。
逞筆◆１,310,310,秕政なれば文武は<span class='word'>凋落</span>す。,ちょうらく,①草花などがしおれ、枯れること。また、容色が衰えること。②勢いがなくなり落ちぶれること。※秕政（ヒセイ）
逞筆◆１,311,311,この<span class='word'>稀有</span>の機会を逃さず。,けう,希有。まれで珍しいこと。めったにないこと。
逞筆◆１,312,312,心身<span class='word'>羸弱</span>し悄然として嘆く。,るいじゃく,体が弱いこと。また、疲労で衰弱すること。
逞筆◆１,313,313,人口の<span class='word'>稠密</span>な地域である。,ちゅうみつ,綢密。一か所に多く集まること。びっしりとこみ合っていること。
逞筆◆１,314,314,<span class='word'>老獪</span>も処世の筌蹄である。,ろうかい,長い経験から世間慣れして、ずる賢いこと。
逞筆◆１,315,315,日がな一日<span class='word'>無聊</span>を託つ。,ぶりょう,①することがなく、退屈なこと。つれづれ。②気になることがあって楽しめないこと。
逞筆◆１,316,316,経済弱者を<span class='word'>裨益</span>する。,ひえき,おぎなって利益を与えること。助けとなること。役に立つこと。
逞筆◆１,317,317,道徳的<span class='word'>誤謬</span>に陥る。,ごびゅう,論理や知識などのあやまり。
逞筆◆１,318,318,人間が人間を裁くことは<span class='word'>僭越</span>である。,せんえつ,身分・分限を越え、出過ぎること。
逞筆◆１,319,319,弱冠にして<span class='word'>痔瘻</span>を患う。,じろう,痔疾の一種。肛門の辺りに穴があいて膿が出る病気。あなじ。
逞筆◆１,320,320,血を見て<span class='word'>癲癇</span>を起こす。,てんかん,突然の発作で意識を失ったりけいれんを起こしたりする病気。脳の損傷や遺伝的素質などによって起こる症状。
逞筆◆１,321,321,<span class='word'>社稷</span>を憂うる臣少なし。,しゃしょく,昔、中国で建国のときに守り神として天子がまつった土地の神（社）と五穀の神（稷）。転じて、国家。
逞筆◆１,322,322,古人の粉本を摸し意匠を<span class='word'>剽窃</span>する。,ひょうせつ,他人の詩歌や文章などをぬすんで、自分のものとして発表すること。盗作、剽賊。
逞筆◆１,323,323,市史の<span class='word'>編纂</span>に従事する。,へんさん,多くの材料を集め、ある方針のもとに手を加えて書物を作ること。
逞筆◆１,324,324,檄書を<span class='word'>封緘</span>して捺印する。,ふうかん,手紙などに封をして、とじること。
逞筆◆１,325,325,先生の輝かしい生涯を<span class='word'>縷縷</span>切切と語る。,るる,①糸のように、細く長く続くさま。②こまごまと詳しく述べるさま。
逞筆◆１,326,326,他からの<span class='word'>掣肘</span>を受けない。,せいちゅう,そばから干渉して自由な活動を妨げること。
逞筆◆１,327,327,日月<span class='word'>荏苒</span>として代謝す。,じんぜん,①歳月がいたずらに過ぎていくさま。②物事がはかどらず延び延びになるさま。
逞筆◆１,328,328,呼ぶ声に<span class='word'>莞爾</span>として片手を上げた。,かんじ,にっこりとほほえむさま。にこやかに笑うさま。
逞筆◆１,329,329,錆びた<span class='word'>薬莢</span>が散逸する現場。,やっきょう,真鍮製の筒に火薬を入れたもの。銃砲に取り付けて弾丸の発射に用いる。
逞筆◆１,330,330,<span class='word'>嶄然</span>として頭角を見す。,ざんぜん,一段と高く抜きんでているさま。ひときわ目立つさま。※見す（あらわす）
逞筆◆１,331,331,大いに<span class='word'>逕庭</span>有りて、人情に近からず。,けいてい,径庭。大きなへだたり。差異。
逞筆◆１,332,332,倒れ行く幕府の<span class='word'>大廈</span>。,たいか,大きな建物。
逞筆◆１,333,333,終身<span class='word'>膠漆</span>心まさに在るべし。,こうしつ,①にかわと、うるし。②親密な間柄。固い友情。
逞筆◆１,334,334,赤ん坊が唸り声や<span class='word'>喃語</span>をあげる。,なんご,①男女の仲むつまじいささやきあい。②赤ん坊が発する、まだ言葉にならない音。
逞筆◆１,335,335,<span class='word'>幔幕</span>の内にて籌を廻らす。,まんまく,式場や会場などのまわりに張り巡らす幕。※籌（はかりごと）
逞筆◆１,336,336,錦を衣て<span class='word'>尚絅</span>す。,しょうけい,衣錦尚絅＝才能や徳を、外にあらわに出さないこと。※衣て（きて）
逞筆◆１,337,337,酖溺し<span class='word'>蹌踉</span>蹣跚として歩く。,そうろう,よろめくさま。足元がふらつくさま。蹌蹌。
逞筆◆１,338,338,橋の袂に<span class='word'>擱坐</span>した戦車。,かくざ,擱座。①船が浅瀬に乗りあげること。座礁。②戦車などがこわれて動けなくなること。
逞筆◆１,339,339,傾城傾国をどうする<span class='word'>了簡</span>もなかろうに。,りょうけん,了見、料簡。①考え。②許すこと。
逞筆◆１,340,340,心の中の塵埃や<span class='word'>渣滓</span>を吐き出す。,さし,液体の底に沈んでいるかす。沈殿物。おり。
逞筆◆１,341,341,非望を<span class='word'>覬覦</span>するの愚を犯していた。,きゆ,身分不相応のことをのぞみねがうこと。また、そのようなのぞみやもくろみ。
逞筆◆１,342,342,目の前の激務に<span class='word'>鞅掌</span>している。,おうしょう,休みをとれないほど忙しく働くこと。
逞筆◆１,343,343,旌旗林の如く風に翻って<span class='word'>喊声</span>天地に震う。,かんせい,大きなわめき声。鬨の声。
逞筆◆１,344,344,麒麟児の<span class='word'>崑玉</span>の詩を詠む。,こんぎょく,①崑崙山から産する玉。②転じて、すぐれた詩文をいう。
逞筆◆１,345,345,亟遊の地に<span class='word'>縊死</span>す。,いし,首をくくって死ぬこと。首つり。
逞筆◆１,346,346,<span class='word'>尺蠖</span>の屈するは、以て信びんことを求むるなり。,せっかく、せきかく、しゃっかく,シャクトリムシの別名。
逞筆◆１,347,347,声を嚥んで<span class='word'>動悸</span>を抑えている。,どうき,心臓が普段より激しく鼓動すること。また、その鼓動。※嚥む（の-む）
逞筆◆１,348,348,漢字の<span class='word'>偏旁</span>を楷書で書く。,へんぼう,漢字の偏（ヘン）と旁（つくり）。多く、漢字構成の左側と右側の部分。
逞筆◆１,349,349,文壇的人非人として<span class='word'>擯斥</span>される。,ひんせき,しりぞけてのけものにすること。排斥。
逞筆◆１,350,350,<span class='word'>斗筲</span>の人、何ぞ算うるに足らんや。,としょう、とそう,①度量のせまいこと。器量の小さいこと。②禄のわずかなこと。俸給の少ないこと。※算える（かぞ-える）
逞筆◆１,351,351,<span class='word'>薫蕕</span>は器を同じくせず。,くんゆう,①香気のある草と、悪臭のする草。②善人と悪人。君子と小人。また、善悪のたとえ。
逞筆◆１,352,352,<span class='word'>琴瑟</span>相和す。,きんしつ,琴瑟相和＝夫婦が仲むつまじいたとえ。また、兄弟や友人の仲のよいことにもいう。比翼連理。
逞筆◆１,353,353,<span class='word'>聚斂</span>の臣あらんより寧ろ盗臣あれ。,しゅうれん,①一か所にあつめてそれを取りこむこと。②支配者が租税を厳しく取り立てること。
逞筆◆１,354,354,先民言うあり、<span class='word'>芻蕘</span>に詢る。,すうじょう、すうぎょう,草を刈る人ときこり。転じて、低い身分の人。庶民。
逞筆◆１,355,355,<span class='word'>薏苡</span>の謗、自ら明らかにするあたわず。,よくい、よくし,草の名。ハトムギ。また、ハスの実。
逞筆◆１,356,356,寸間も<span class='word'>苟且</span>に過ごさなかった。,こうしょ,その場限りの間に合わせであること。一時のがれ。かりそめ。なおざり。
逞筆◆１,357,357,これを<span class='word'>毫釐</span>に失すれば謬るに千里を以てす。,ごうり,ほんの少しであること。きわめて微量であること。わずか。釐毫。
逞筆◆１,358,358,九仞の功を<span class='word'>一簣</span>に虧く。,いっき,石や土を運ぶための竹やわらで編んだかご一つ。また、それに一杯分のわずかな土。
逞筆◆１,359,359,早起<span class='word'>盥漱</span>して本堂に籠もる。,かんそう,手を洗い、口をすすぐこと。
逞筆◆１,360,360,あの大学者は<span class='word'>僻陬</span>の地に育った。,へきすう,へんぴな土地。僻地。
逞筆◆１,361,361,悪漢を捕らえて<span class='word'>囹圄</span>に錮す。,れいご、れいぎょ,囹圉。罪人をとらえて、閉じ込めておく所。ひとや。牢屋。
逞筆◆１,362,362,彊大な颱風が日本を<span class='word'>震撼</span>させた。,しんかん,ふるえ動くこと。また、ショックを与えること。
逞筆◆１,363,363,天神<span class='word'>地祇</span>の冥助を蒙り給う。,ちぎ,①地の神。国土を守る神。②天孫降臨の前から、日本の国土を治めていた神。くにつかみ。※冥助（ミョウジョ）
逞筆◆１,364,364,彼<span class='word'>裸裎</span>すと雖も、安んぞ能く我を汚さん。,らてい,①はだか。②極めて無礼なさま。
逞筆◆１,365,365,<span class='word'>鶴唳</span>を聞いて軍兵は退却した。,かくれい,①鶴が鳴くこと。また、その声。②悲しげな文章や言葉。鶴の鳴き声が悲しげなことから。
逞筆◆１,366,366,関関たる<span class='word'>雎鳩</span>は、川の洲に在り。,しょきゅう,①鶚（みさご）の異名。②淑徳のある女性のたとえ。
逞筆◆１,367,367,朝菌は晦朔を知らず、<span class='word'>蟪蛄</span>は春秋を知らず。,けいこ,にいにいぜみ。
逞筆◆１,368,368,泥酔し<span class='word'>蹣跚</span>として跋歩する。,まんさん、はんさん,よろめきながら歩くさま。
逞筆◆１,369,369,一月、<span class='word'>馥郁</span>たる梅の香。,ふくいく,香り高いさま。よい香りがたちこめるさま。
逞筆◆１,370,370,奢侈軽薄は亡国の<span class='word'>鴆毒</span>となる。,ちんどく,酖毒。①鴆という毒鳥の羽にある猛毒。また、その羽を酒に浸して得た毒物。②猛毒。非常な害毒。
逞筆◆１,371,371,酒色に顧慮を闕いては<span class='word'>沈湎</span>は免れず。,ちんめん,酒におぼれて、すさんだ不健康な生活をすること。※闕く（か-く）
逞筆◆１,372,372,勝利の栄冠は<span class='word'>炳</span>として頭上にある。,へい,光り輝いて。あきらかに。
逞筆◆１,373,373,話をして伶俐<span class='word'>侏儒</span>を甄別する。,しゅじゅ,朱儒。①身長がきわめて低い人。②見識のない人をあざける語。③役者。
逞筆◆１,374,374,大河の潤す<span class='word'>膏腴</span>なる大地である。,こうゆ,地味が豊かで肥えていること。また、その土地。膏沃、肥沃。
逞筆◆１,375,375,志気の無さゆえ<span class='word'>巾幗</span>を贈られる。,きんかく,①中国で、女性の髪飾り。一説に、女性が喪中にかぶる頭巾とも。②女性。また、女性的なもののたとえ。
逞筆◆１,376,376,濁穢を<span class='word'>蟬蛻</span>し、もって塵埃の外に浮游す。,せんぜい,①セミの抜け殻。うつせみ。②俗世間を超越すること。解脱。蟬脱。※濁穢（ジャクエ）、穢濁（ワイダク）
逞筆◆１,377,377,嘔啞<span class='word'>嘲哳</span>、聴くを為し難し。,ちょうたつ、とうたつ,①鳥のさえずるにぎやかな声の形容。②ぺちゃぺちゃとわかりにくいことばをしゃべるさま。③楽器の音が調子はずれで、やかましいさま。
逞筆◆１,378,378,雄弁に<span class='word'>瞞著</span>一切なし。,まんちゃく,瞞着。あざむくこと。だますこと。ごまかすこと。
逞筆◆１,379,379,慢性的な<span class='word'>譫妄</span>状態が続いている。,せんもう、せんぼう,意識障害の一種。意識が混濁し、錯覚や妄想などを伴う。認知症・アルコール依存症などに見られる。
逞筆◆１,380,380,濃霧の中に<span class='word'>倏忽</span>として氷山が現れた。,しゅっこつ、しゅくこつ,時が非常にはやく過ぎるさま。また、時間が非常に短いさま。
逞筆◆１,381,381,長身<span class='word'>白皙</span>の紳士である。,はくせき,肌の色が白いこと。色白。
逞筆◆１,382,382,人世の繫縛を<span class='word'>斫断</span>する。,しゃくだん,たちきること。切断。
逞筆◆１,383,383,<span class='word'>絨緞</span>の上に餉台を一つ置く。,じゅうたん,絨毯。毛織物の一種で、床に敷く物。カーペット。
逞筆◆１,384,384,<span class='word'>螻蟻</span>の誠、拠を信ずる処無し。,ろうぎ,①ケラとアリ。②ちっぽけな、つまらないもののたとえ。
逞筆◆１,385,385,<span class='word'>妲己</span>のお百。,だっき,①中国、殷の紂王の寵妃。淫楽・残忍を極め、王とともに周の武王に殺害された。②性悪で人に害を与える女。
逞筆◆１,386,386,むやみに<span class='word'>打擲</span>するな。,ちょうちゃく,人をうちたたくこと。なぐること。
逞筆◆１,387,387,孔の字の右側は<span class='word'>乙繞</span>という。,おつにょう,漢字の繞の一。「乞」「乱」などの「乙」「⺃」の部分。
逞筆◆１,388,388,ほしいままに大臣を<span class='word'>黜陟</span>するの非をせめる。,ちゅっちょく,功績のない者をしりぞけて、功績のある者を昇官させること。
逞筆◆１,389,389,形影相弔い五常<span class='word'>愧赧</span>す。,きたん,深くはじて赤面すること。
逞筆◆１,390,390,<span class='word'>矻矻</span>として少しも怠らない。,こつこつ,兀兀。①たゆまずに精を出して働くさま。②疲れ果てるさま。
逞筆◆１,391,391,敬事有らずんば、敢えて<span class='word'>袒裼</span>せず。,たんせき,上着をぬぎ、肩をあらわすこと。はだぬぎ。
逞筆◆１,392,392,旧弊は廃却して新しい道徳を<span class='word'>提撕</span>する。,ていせい、ていぜい,①手に提げて持つ。②後輩や後進の者を教え導く。③励ます。
逞筆◆１,393,393,夜は<span class='word'>卓袱</span>料理で有名な店で食事をした。,しっぽく,①中国風の朱塗りの食卓。②麺類に、野菜・きのこ・かまぼこを入れて煮たもの。
逞筆◆１,394,394,<span class='word'>卓犖</span>たる論弁の才が具わる。,たくらく,このうえなく、すぐれていること。
逞筆◆１,395,395,理非曲直を<span class='word'>甄別</span>する。,けんべつ,はっきりと区別すること。はっきりと見分けること。
逞筆◆１,396,396,出席者に<span class='word'>忌憚</span>のない意見を促す。,きたん,いみはばかること。遠慮すること。
逞筆◆１,397,397,<span class='word'>辣腕</span>家として有名だ。,らつわん,仕事などを、てきぱきと巧みに処理する能力をもっていること。腕利き。すご腕。敏腕。
逞筆◆１,398,398,<span class='word'>忽焉</span>として逝く。,こつえん,たちまち。突然。にわかに。忽然。
逞筆◆１,399,399,人心から<span class='word'>乖離</span>する。,かいり,①わかれはなれること。②心が合わなくなってそむきはなれること。乖隔。離反。
逞筆◆１,400,400,全くの<span class='word'>冤罪</span>だ。,えんざい,無実の罪。ぬれぎぬ。冤枉。
逞筆◆１,401,401,<span class='word'>倉廩</span>実ちて礼節を知る。,そうりん,穀物を入れておく、くら。米ぐら。※実ちる（み-ちる）
逞筆◆１,402,402,<span class='word'>麝香</span>は薬科にも使われる。,じゃこう,ジャコウジカの雄の下腹部から出る分泌物を乾燥させた香料。黒褐色の粉末で強い香気があり、薬科にも使用。
逞筆◆１,403,403,<span class='word'>獺祭</span>書屋主人と称した。,だっさい,①かわうそが自分のとった魚を食う前に並べること。②転じて、詩文などを作るときに、多くの参考書を左右に並べること。
逞筆◆１,404,404,名を<span class='word'>竹帛</span>に垂る。,ちくはく,書物。歴史書。
逞筆◆１,405,405,利益の<span class='word'>壟断</span>を許すな。,ろうだん,①切り立って高い丘。②利益をひとり占めにするたとえ。昔、中国で、商人が市場を高所から見渡して安い物を買い占め、それを高く売って利益を得たという故事から。
逞筆◆１,406,406,十分に<span class='word'>推敲</span>を重ねた。,すいこう,詩や文章を作るとき、より適切な字句や表現を求めて、練り上げること。
逞筆◆１,407,407,色紙に<span class='word'>揮毫</span>する。,きごう,毛筆で書画をかくこと。揮筆、揮墨。
逞筆◆１,408,408,一面に緋<span class='word'>毛氈</span>を敷く。,もうせん,獣毛に熱や圧力を加えて、繊維を織物のように仕上げたもの。フェルト状で、敷物用。
逞筆◆１,409,409,<span class='word'>阿吽</span>の呼吸。,あうん,①梵語の最初の開口音と最後の閉口音。すべての物事の始まりと終わりを指す。②吐く息と吸う息。③寺社の山門に置かれている一対の仁王像や狛犬の顔つき。一方は口を開き、他方は閉じている。
逞筆◆１,410,410,<span class='word'>繊細</span>な神経。,せんさい,①ほっそりとしなやかなようす。②感情が鋭く細やかなようす。デリケート。
逞筆◆１,411,411,<span class='word'>瑕疵</span>のある商品だ。,かし,①きず。欠点。②法的に欠陥や欠点があり、完全な条件を備えていない状態。
逞筆◆１,412,412,<span class='word'>緘黙</span>して語らず。,かんもく,口を閉じてしゃべらないこと。だまりこむこと。
逞筆◆１,413,413,<span class='word'>吝嗇</span>な人だ。,りんしょく,悋嗇。必要以上に金品を出しおしむこと。また、その人。けち。
逞筆◆１,414,414,<span class='word'>寂寥</span>とした境内。,せきりょう,ものさびしくひっそりしたさま。
逞筆◆１,415,415,ここで<span class='word'>熾烈</span>な戦いがあった。,しれつ,火勢が強いように、勢いが激しくさかんなこと。また、そのさま。激烈、猛烈。
逞筆◆１,416,416,二十歳代で<span class='word'>夭折</span>する。,ようせつ,わか死にすること。夭死。夭逝。早世。
逞筆◆１,417,417,血管が<span class='word'>収斂</span>する。,しゅうれん,①引きしまって縮まること。収縮。②税を取り立てること。③穀物などを取り入れること。収穫。④数学で、変数の値がある一定の数に限りなく近づくこと。収束。
逞筆◆１,418,418,今日の空は<span class='word'>群青</span>色です。,ぐんじょう,鮮やかな藍青色の絵の具。また、その色。
逞筆◆１,419,419,地方きっての<span class='word'>素封</span>家だ。,そほう,位や領土はないが、諸侯に匹敵する富をもっていること。また、その人。大金持ち。
逞筆◆１,420,420,白萩の垣根は<span class='word'>禰宜</span>の軒端らし。,ねぎ,①神職の階位の一つ。昔は神主、現在は宮司の下の神官。②神職の総称。※軒端（のきば）
逞筆◆１,421,421,策を<span class='word'>帷幄</span>の中にめぐらす。,いあく,①上から垂らしたりまわりを囲ったりする幕。また、幕を張りめぐらした場所。帷帳、帷幕。②戦場で、作戦計画を立てるところ。参謀本部。本陣。
逞筆◆１,422,422,座ると早速<span class='word'>帙</span>をひもといた。,ちつ,①書物の損傷を防ぐために包む覆い。厚紙を芯とし、表に布をはって作る。文巻（ふまき）。文包（ふみづつみ）。②助数詞。帙入りの本を数えるのに用いる。
逞筆◆１,423,423,饑饉には<span class='word'>救恤</span>の備えをなす。,きゅうじゅつ,困っている人たちに物品などを恵み助けること。
逞筆◆１,424,424,<span class='word'>咄嗟</span>の間の出来事だった。,とっさ,一瞬のこと。短い時間。
逞筆◆１,425,425,劬労を<span class='word'>羈束</span>とするべきではない。,きそく,羇束。つなぎとめること。束縛すること。拘束。
逞筆◆１,426,426,眼光は<span class='word'>炯炯</span>として人を射る。,けいけい,冏冏。目つきが鋭いさま。目が光るさま。
逞筆◆１,427,427,悲惨の境に<span class='word'>沈淪</span>する。,ちんりん,①深く沈むこと。②落ちぶれること。零落。淪落。
逞筆◆１,428,428,この原稿はまだ<span class='word'>書肆</span>の手に渡していない。,しょし,書店。本屋。書房。
逞筆◆１,429,429,冷戦の<span class='word'>終焉</span>という事態に対応する。,しゅうえん,①死にぎわ。臨終。転じて、物事の終わり。②身の落ち着く所。晩年を静かに過ごすこと。
逞筆◆１,430,430,<span class='word'>蜂蠆</span>の毒に犯さるるが如し。,ほうたい,ハチとサソリ。小さくても恐ろしいもののたとえ。
逞筆◆１,431,431,<span class='word'>夙夜</span>おこたらず机に向かう。,しゅくや,①朝早くから夜遅くまで。一日中。②常に。
逞筆◆１,432,432,<span class='word'>瓦礫</span>の中から再び起つ。,がれき,①かわらと小石。②値うちのない、つまらないもの。
逞筆◆１,433,433,潮は月の<span class='word'>虧盈</span>に随う。,きえい,欠けることと満ちること。満ち欠け。盈虚。
逞筆◆１,434,434,師の処る所、<span class='word'>荊棘</span>生ず。,けいきょく,①いばら。また、いばらなどの生えている荒れた土地。②障害になるもの。また、障害などの多い状態。③人を害しようとする心。また、その人。※処る（お-る）
逞筆◆１,435,435,海原が<span class='word'>縹渺</span>として眼前に広がる。,ひょうびょう,縹眇、縹緲。①かすかに見えるさま。はっきりしないさま。②かぎりなく広いさま。渺茫。
逞筆◆１,436,436,経済弱者を筆頭に政府を<span class='word'>騒擾</span>した。,そうじょう,集団で騒ぎを起こし、社会の秩序を乱すこと。騒乱、擾乱。
逞筆◆１,437,437,泣いて<span class='word'>馬謖</span>をきる。,ばしょく,泣いて馬謖を斬る＝全体の規律のためには私情をはさまず、規則に従って信頼する者や大切な者を処分すること。転じて、天下の法は私情で曲げられないたとえ。
逞筆◆１,438,438,<span class='word'>伽羅</span>枕に香を仕組む。,きゃら,①ジンコウの別称。②ジンコウからとった香料。最高の沈香（ジンコウ）とされる。
逞筆◆１,439,439,<span class='word'>讒謗</span>律により言論に弾圧を加える。,ざんぼう,ありもしないことを言ってそしること。誹謗。
逞筆◆１,440,440,なかなか旧体制の<span class='word'>残滓</span>が抜けない。,ざんし、ざんさい,残りかす。また、液体中の澱。残渣。
逞筆◆１,441,441,はるか山の彼方を<span class='word'>瞻望</span>する。,せんぼう,はるかに仰ぎ見ること。遠く見渡すこと。
逞筆◆１,442,442,万事好調ですっかり<span class='word'>有卦</span>に入った。,うけ,陰陽道で、干支により吉事が七年間続くという年まわり。また、幸運の続くこと。
逞筆◆１,443,443,虚誕妄説を排して、人心の<span class='word'>蠱惑</span>を払う。,こわく,人の心をまどわし、惹きつけて離さないこと。
逞筆◆１,444,444,門下大いに驚いて<span class='word'>擾乱</span>す。,じょうらん,みだれ騒ぐこと。入りみだれること。騒乱。撓乱。
逞筆◆１,445,445,一子相伝の秘術の筈が暗暗裏に<span class='word'>伝播</span>していた。,でんぱ,①次々と伝わり広まること。②波動が媒質の中を広がって伝わっていくこと。
逞筆◆１,446,446,厭離<span class='word'>穢土</span>と対をなす欣求浄土。,えど,けがれた世界。この世。人間界。娑婆。塵界。濁世。
逞筆◆１,447,447,巷を騒がす<span class='word'>剽悍</span>無比の鼠賊共。,ひょうかん,慓悍。動作がすばやく、荒々しく強いこと。
逞筆◆１,448,448,事業に頓挫して失望<span class='word'>落魄</span>の日々だ。,らくはく,落泊、落薄。おちぶれること。零落。
逞筆◆１,449,449,ひどく<span class='word'>頤使</span>されていた時期があった。,いし,頤指。人をあごで使うこと。いばって人に指図すること。
逞筆◆１,450,450,富貴なれば<span class='word'>驕奢</span>を生ず。,きょうしゃ,財力や権勢などをたのんで贅沢を尽くすこと。驕侈。
逞筆◆１,451,451,海上の静謐を擾す<span class='word'>烏滸</span>な密漁者どもめ。,おこ,痴、尾籠。愚かなこと。ばかげたさま。
逞筆◆１,452,452,<span class='word'>牛頭</span>阿傍は地獄の番人である。,ごず,ウシの頭をもち、体は人間の形をした地獄の番人。
逞筆◆１,453,453,国家を<span class='word'>肇造</span>する。,ちょうぞう,はじめてつくること。創造。
逞筆◆１,454,454,歯骨の内側が<span class='word'>壊死</span>状態となった。,えし,体の細胞や組織の一部が死んだ状態。局所の死。
逞筆◆１,455,455,<span class='word'>這般</span>の情勢に緊急対応を図る。,しゃはん,これら。この辺。こういう。
逞筆◆１,456,456,<span class='word'>弥縫</span>の策を講じる。,びほう,ほころびを縫いつくろうこと。転じて、失敗や欠点を取りつくろうこと。
逞筆◆１,457,457,宮殿の石畳に列して<span class='word'>一揖</span>する。,いちゆう,軽くおじぎをすること。一礼すること。
逞筆◆１,458,458,国際的な<span class='word'>紛擾</span>に発展した。,ふんじょう,乱れもつれること。もめ事。争い事。紛争。
逞筆◆１,459,459,強い<span class='word'>輻射</span>を受ける。,ふくしゃ,①ある一点から周囲に放射すること。②熱・電波などが物体から四方に放射する現象。
逞筆◆１,460,460,捏造記事と文書<span class='word'>改竄</span>が滔っている。,かいざん,公文書・証書などの文字や語句を都合のよいように書きかえること。
逞筆◆１,461,461,釈尊を弟子たちが<span class='word'>囲繞</span>する。,いじょう、いにょう,まわりをとりかこむこと。かこいめぐらすこと。
逞筆◆１,462,462,后の御来駕により竟日<span class='word'>殷賑</span>の巷となった。,いんしん,非常ににぎやかで、活気にあふれること。繁華。※竟日（キョウジツ）＝一日中。
逞筆◆１,463,463,仕事の<span class='word'>間隙</span>を縫って帰郷する。,かんげき,①すきま。あいだ。②仲たがい。へだたり。
逞筆◆１,464,464,<span class='word'>平仄</span>が合わない話。,ひょうそく,①漢字の四声を大きく二つに分けていう語。「平」は平声（ヒョウショウ）、「仄」は上声（ジョウショウ）、去声（キョショウ）、入声（ニッショウ）の三声。漢詩をつくるとき、この二種の声調の字の並べ方に細かい規則がある。②話の筋道。前後の脈絡。つじつま。
逞筆◆１,465,465,二十六聖人が<span class='word'>磔刑</span>に処せられた。,たっけい、たくけい,体をひきさいて殺す刑。また、はりつけの刑。はりつけ。
逞筆◆１,466,466,開店準備で<span class='word'>怱忙</span>の極みだ。,そうぼう,匆忙。いそがしいこと。
逞筆◆１,467,467,<span class='word'>俎上</span>の魚、江海に移る。,そじょう,まないたの上。
逞筆◆１,468,468,<span class='word'>万斛</span>の熱涙をそそぐ。,ばんこく,きわめて多い分量。
逞筆◆１,469,469,古い<span class='word'>破風</span>造りの家並が美しい。,はふ,日本建築で、切妻・入母屋造の屋根の両側につける合掌形の飾り板。また、それに囲まれた所。
逞筆◆１,470,470,古代文明の遺産の数々が<span class='word'>目睫</span>の間に在る。,もくしょう,目とまつげ。転じて、きわめて接近した状態。間近。眼前。目前。
逞筆◆１,471,471,石畳に<span class='word'>戛然</span>と馬蹄が響き渡る。,かつぜん,金石など硬い物が触れ合うときの高く鋭い音。また、そのようす。
逞筆◆１,472,472,整然とした<span class='word'>街衢</span>が続く。,がいく,人家などの立ち並ぶ土地。まち。ちまた。
逞筆◆１,473,473,世俗の<span class='word'>塵埃</span>にまみれた生活を送った。,じんあい,①ちり。ほこり。土煙。塵芥。②この世のけがれ。俗世間。よごれていてわずらわしいもの。
逞筆◆１,474,474,衣裳は<span class='word'>素襖</span>、上下、熨斗目を用いた。,すおう,直垂の変化した衣服。麻地に家紋を染め出したもの。室町時代に庶民が平服として常用したものが、武士も着るようになり、江戸時代には下級武士の礼服となった。素袍。
逞筆◆１,475,475,盆栽が<span class='word'>一掬</span>の風流を醸し出している。,いっきく,①両手で、水などを一回すくうこと。ひとすくい。②わずかなことのたとえ。
逞筆◆１,476,476,陰に<span class='word'>苞苴</span>を収め便宜をはからせた。,ほうしょ,①食品を、わらなどを束ねて包んだもの。わらづと。あらまき。つと。②わいろ。まいない。
逞筆◆１,477,477,<span class='word'>縷説</span>するまでもなく明らかなことだ。,るせつ,こまごまと詳しく説明すること。詳説。縷言。縷述。
逞筆◆１,478,478,<span class='word'>操觚</span>界の見識が問われるところである。,そうこ,詩文を作ること。文筆を仕事とすること。「觚」は、中国古代に文字を書きつけた四角い木札。
逞筆◆１,479,479,印章を<span class='word'>小篆</span>で彫り上げる。,しょうてん,漢字の書体の一つ。大篆を簡略化したもので、印鑑などに使用。
逞筆◆１,480,480,作品に<span class='word'>褒貶</span>を加える。,ほうへん,ほめることとけなすこと。
逞筆◆１,481,481,<span class='word'>飆風</span>に砂が巻き上げられた。,ひょうふう,飄風、猋風。つむじ風。はやて。また、暴風。
逞筆◆１,482,482,胸中の<span class='word'>恐懼</span>が霧散した。,きょうく,①おそれかしこまること。②手紙の末尾につける語。
逞筆◆１,483,483,巫女のもとに<span class='word'>翕然</span>と村人が集まった。,きゅうぜん,多くのものが一斉に集い合うさま。
逞筆◆１,484,484,<span class='word'>豺狼</span>の如き無慈悲な行為だ。,さいろう,犲狼。ヤマイヌとオオカミ。転じて、欲深く無慈悲な人のたとえ。
逞筆◆１,485,485,主に<span class='word'>扈従</span>して旅を続けた。,こじゅう、こしょう,身分の高い人の供をすること。また、その人。おとも。随行。供奉（グブ）。
逞筆◆１,486,486,木食して枯木宛らに<span class='word'>羸痩</span>する。,るいそう,つかれてやせること。やせ衰えること。羸脊、羸瘠。
逞筆◆１,487,487,恋愛は人生の<span class='word'>秘鑰</span>であると言われる。,ひやく,秘密の鍵。また、秘密・謎などを明らかにする隠された手段。秘鍵。
逞筆◆１,488,488,<span class='word'>邏卒</span>が警備に駆り出された。,らそつ,①見回りの兵士。②明治時代の巡査の呼称。
逞筆◆１,489,489,自由平等の<span class='word'>大旆</span>を翳す。,たいはい,①日月と昇竜・降竜を描いた大きな旗。昔、中国で天子または将軍が用いた。②堂々とした旗印。
逞筆◆１,490,490,薬石効なく<span class='word'>溘焉</span>として逝く。,こうえん,思いがけず急に起こること。突然のこと。多く、人の死去についていう。
逞筆◆１,491,491,<span class='word'>偈</span>を作って悟境を提示する。,げ,韻文体の経文。また、仏教の教えを詩の形式で表したもの。偈頌（ゲジュ）。
逞筆◆１,492,492,初めて<span class='word'>膂力</span>の衰えを自覚した。,りょりょく,背骨の力。筋肉の力。また、体力。腕力。
逞筆◆１,493,493,隣国と<span class='word'>干戈</span>を交えることとなった。,かんか,①たてとほこ。また、武器。②戦争。
逞筆◆１,494,494,<span class='word'>目睹</span>した者は少なくない。,もくと,目覩。肉眼で見ること。自分の目で見ること。目撃。
逞筆◆１,495,495,燭を<span class='word'>仏龕</span>に点じた。,ぶつがん,仏像などを納める厨子（ズシ）。
逞筆◆１,496,496,<span class='word'>斃死</span>した旅人を荼毘に付する。,へいし,たおれて死ぬこと。のたれじに。斃仆。
逞筆◆１,497,497,正岡子規の命日を<span class='word'>獺祭忌</span>という。,だっさいき,正岡子規の命日。九月十九日。
逞筆◆１,498,498,禍乱を<span class='word'>戡定</span>し四海を治める。,かんてい,戦いに勝って、敵を平定すること。
逞筆◆１,499,499,スペイン<span class='word'>駐箚</span>大使として赴任した。,ちゅうさつ,駐紮。外交官などが任務のためにしばらく外国に滞在すること。駐在。
逞筆◆１,500,500,<span class='word'>疇昔</span>の訓戒を服膺している。,ちゅうせき,①昨日。②先日。昔。
逞筆◆１,501,501,<span class='word'>兵站</span>部に伝令を飛ばした。,へいたん,戦場の後方にあって、車両・食糧・弾薬など軍需品の補給や輸送、また連絡の確保にあたる機関。
逞筆◆１,502,502,松林の<span class='word'>別墅</span>で病を癒やした。,べっしょ,本宅と離れた地に別に設けた家。別荘。
逞筆◆１,503,503,強か吞んで頭<span class='word'>岑岑</span>たり。,しんしん,ひどく痛むさま。ずきずきと痛むさま。
逞筆◆１,504,504,<span class='word'>鹵獲</span>した兵器を使用する。,ろかく,戦場で、敗北した敵から軍用品や兵器などを奪うこと。
逞筆◆１,505,505,多項式の各項を<span class='word'>降冪</span>の順に排列する。,こうべき,降羃。多項式で、ある文字に関して、次数の高い項から順に並んでいること。
逞筆◆１,506,506,<span class='word'>杳</span>として原ぬべからず。,よう,暗くてはっきりしないさま。また、事情などが明らかでないさま。
逞筆◆１,507,507,<span class='word'>発兌</span>号から欠かさず購読している。,はつだ,書籍や雑誌などを印刷して発行すること。
逞筆◆１,508,508,兵士達が<span class='word'>吶喊</span>の声を上げた。,とっかん,①大勢が大声で叫ぶこと。鬨の声をあげること。②大声を発しながら、敵陣に突撃すること。突貫。
逞筆◆１,509,509,脇付に几帳面な字で<span class='word'>猊下</span>とあった。,げいか,①高僧の敬称。また、各宗派の管長の総称。②僧への書状の脇付に用いる語。③高僧のそば。※脇付（わけづけ）
逞筆◆１,510,510,彼奴の粋狂には<span class='word'>之繞</span>が掛かっている。,しんにゅう、しんにょう,之繞を掛ける＝程度をはなはだしくする。輪を掛ける。※彼奴（きゃつ）
逞筆◆１,511,511,往昔の街衢が描かれた<span class='word'>鳥瞰図</span>である。,ちょうかんず,高所から地上を見おろしたように描いた図。転じて、全体を見渡すような広い視野をもった考え方や文章。鳥目絵。俯瞰図。
逞筆◆１,512,512,<span class='word'>撥乱</span>反正の人となる。,はつらん,乱れた世を治めること。
逞筆◆１,513,513,逡巡を払い<span class='word'>怯懦</span>を拭う。,きょうだ,臆病で気が弱いこと。いくじのないこと。また、そのさま。怯弱。
逞筆◆１,514,514,宮廷の癌を<span class='word'>剔抉</span>する。,てっけつ,えぐり出すこと。また、悪事などをあばくこと。
逞筆◆１,515,515,彼の一声が<span class='word'>寂寞</span>を破る嚆矢であった。,せきばく、じゃくまく,寂漠。①ひっそりとしてもの静かなさま。②心が満たされず、ものさびしいさま。
逞筆◆１,516,516,種種の<span class='word'>蔬菜</span>を品騭する。,そさい,野菜。あおもの。
逞筆◆１,517,517,王は人心の<span class='word'>収攬</span>に努めた。,しゅうらん,うまく自分の手に集めて、にぎること。
逞筆◆１,518,518,輿論は<span class='word'>囂囂</span>と沸き上がっている。,ごうごう、きょうきょう,人々が騒ぐさま。また、声や音がやかましいさま。
逞筆◆１,519,519,峻烈な<span class='word'>呪詛</span>の意志を罩める。,じゅそ、ずそ,呪咀。特定の人に災いがふりかかるように神仏に祈願すること。のろい。
逞筆◆１,520,520,仁政が<span class='word'>蒼氓</span>の労劬を減軽する。,そうぼう,人々。民衆。蒼生、蒼民。
逞筆◆１,521,521,宝算四十九を以て<span class='word'>薨去</span>された。,こうきょ,昔、皇族や三位（サンミ）以上の人が死ぬこと。薨逝。
逞筆◆１,522,522,臥榻の側ら他人の<span class='word'>鼾睡</span>を容れず。,かんすい,いびきをかきながら眠ること。
逞筆◆１,523,523,厲精なる者と<span class='word'>懶惰</span>なる者の畛畦を設けない。,らんだ,嬾惰。おこたること。なまけてぶらぶらしていること。無精なさま。
逞筆◆１,524,524,渦中の雌雄が<span class='word'>同衾</span>する諷刺画である。,どうきん,同じ夜具に一緒に寝ること。特に、男女の共寝。
逞筆◆１,525,525,同郷の友からの<span class='word'>餞別</span>の品を携える。,せんべつ,遠方に旅行する人や転居・転任などをする人に、別れのしるしのして金品を贈ること。また、その贈り物。はなむけ。
逞筆◆１,526,526,無用の弁を<span class='word'>滔滔</span>と垂れる。,とうとう,①水が勢いよく、盛んに流れるさま。②すらすらとよどみなく話すさま。③世間の風潮が、強い勢いである方向に流れ向かうさま。
逞筆◆１,527,527,運は<span class='word'>賽</span>の目次第。,さい,采。立方体の各面にそれぞれ一から六までの点が打ってあり、すごろく・ばくち等に使うもの。投げころがして上面に出た点の数で事を決する。さいころ。
逞筆◆１,528,528,終戦の大詔が<span class='word'>渙発</span>された。,かんぱつ,詔勅を、天下に広く告げ知らせること。
逞筆◆１,529,529,彼の才気<span class='word'>煥発</span>な質を見た。,かんぱつ,火が燃えるように、輝き現れること。
逞筆◆１,530,530,宏壮な建物が<span class='word'>櫛比</span>している。,しっぴ,くしの歯のようにすきまなく並んでいること。
逞筆◆１,531,531,<span class='word'>贓物</span>故買の容疑で逮捕された。,ぞうぶつ、ぞうもつ,窃盗・詐欺などで不法に侵害して手に入れた他人の財物。盗品など。贓品。
逞筆◆１,532,532,兵燹の<span class='word'>余燼</span>が惨きを物語る。,よじん,①燃え残った火。燃えさし。②事件・騒動などが終わったあとに、まだ残っている影響。
逞筆◆１,533,533,顔に<span class='word'>疱疹</span>が出る。,ほうしん,皮膚に小水疱・小膿疱が集まってできた状態。ヘルペス。
逞筆◆１,534,534,皇帝の祭服を<span class='word'>宦官</span>が運ぶ。,かんがん,昔、中国などで去勢されて後宮に仕えた男の役人。
逞筆◆１,535,535,浄く苔無くば<span class='word'>成蹊</span>の如く花木繚乱たり。,せいけい,徳のある人のもとには自然に人が慕って集まることのたとえ。
逞筆◆１,536,536,刺すような<span class='word'>疼痛</span>を感じる。,とうつう,ずきずきとうずくように痛むこと。また、その痛み。
逞筆◆１,537,537,農人は<span class='word'>草莽</span>の臣なり、商工は市井の臣なり。,そうもう、そうぼう,①草むら。やぶ。②民間。在野。草茅。
逞筆◆１,538,538,歯の浮くような<span class='word'>阿諛</span>を弄する。,あゆ,おもねりへつらう。阿諂。
逞筆◆１,539,539,捕手の影が一団に<span class='word'>蝟集</span>する。,いしゅう,ハリネズミの毛のように、多くの物が一か所にあつまること。雲集、密集。
逞筆◆１,540,540,葉書一枚で<span class='word'>馘首</span>された。,かくしゅ,雇い主が雇っている人をやめさせること。首切り。解雇。免職。
逞筆◆１,541,541,頭の鋭い<span class='word'>狷介</span>な毒舌家。,けんかい,かたくなに自分の考えを守り、人と妥協しないさま。
逞筆◆１,542,542,世に対して半ば<span class='word'>慷慨</span>し、半ば冷嘲した。,こうがい,忼慨、慷愾。①世の中の不正などをいきどおり嘆くこと。②意気盛んなこと。
逞筆◆１,543,543,造次にも<span class='word'>顚沛</span>にも国体を貶めるべからず。,てんぱい,①つまずき倒れる。②短い間。とっさの間。
逞筆◆１,544,544,疾風に<span class='word'>勁草</span>を知る。,けいそう,茎がしっかりしていて、強風にも折れない草。また、節操や意志の固い人のたとえ。
逞筆◆１,545,545,一家の<span class='word'>団欒</span>を大事にする。,だんらん,①月などがまるいこと。また、まるいもの。②集まって車座に座ること。まどい。③親しい者たちが集まって楽しく時を過ごすこと。
逞筆◆１,546,546,斯学の<span class='word'>揺籃</span>を綴る稀覯本であった。,ようらん,①ゆりかご。揺籠。②物事が発展する最初の時期や場所。
逞筆◆１,547,547,<span class='word'>蜃気楼</span>のように朦朧と現れ出る。,しんきろう,海上や砂漠で地表と空気の温度差から光が異常に屈折し、実際にはない遠方の風景などがあるように見える現象。蜃楼。海市。
逞筆◆１,548,548,新型の感冒に<span class='word'>罹患</span>してしまう。,りかん,病気にかかること。罹病。
逞筆◆１,549,549,一つの主張から<span class='word'>演繹</span>せず、無数の事実から帰納する。,えんえき,①一つのことから他のことへおし広げて述べること。②一般的な原理から特殊な原理を論理によって導き出すこと。
逞筆◆１,550,550,銅鑼の音とともに午時に<span class='word'>解纜</span>した。,かいらん,纜を解いて船が港を出ること。ふなで。出帆、出港、出航。
逞筆◆１,551,551,様々な臆測と<span class='word'>揣摩</span>が交錯した。,しま,他人の気持ちなどを推量すること。
逞筆◆１,552,552,余生を<span class='word'>謳歌</span>する。,おうか,①声をそろえて多くの人がほめたたえること。礼賛、賞賛、賛美。②恵まれた環境や状況にあることを十分に楽しむこと。
逞筆◆１,553,553,背黄青<span class='word'>鸚哥</span>を飼う。,いんこ,音呼。オウム科の鳥のなかで、小形で羽の美しいものの総称。熱帯原産で、飼い鳥にされる。
